age,income,education_years,credit_score,debt_to_income_ratio,employment_length,savings,loan_approved,income_Low,income_Medium,income_High,age_Young,age_Middle,age_Senior
41.0,60348.0,12.0,533.0,0.367,16.8,20945.0,1,False,True,False,False,True,False
33.0,47406.0,13.6,522.0,0.621,9.1,18256.0,0,False,True,False,False,True,False
43.0,51804.0,11.6,599.0,0.585,11.8,21856.0,1,False,True,False,False,True,False
53.0,58756.0,13.1,834.0,0.583,29.6,29774.0,1,False,True,False,False,False,True
32.0,44214.0,8.3,499.0,0.453,13.9,19446.0,1,False,True,False,False,True,False
32.0,41776.0,14.6,494.0,0.771,3.8,24459.0,0,False,True,False,False,True,False
54.0,71902.0,14.0,810.0,0.1,37.2,32560.0,1,False,False,True,False,False,True
44.0,58132.0,11.5,566.0,0.424,24.6,19990.0,1,False,True,False,False,True,False
29.0,43636.0,16.0,616.0,0.59,3.7,24747.0,1,False,True,False,True,False,False
42.0,45531.0,16.8,652.0,0.74,18.8,21123.0,1,False,True,False,False,True,False
29.0,45866.0,9.2,460.0,0.645,15.4,19012.0,0,False,True,False,True,False,False
29.0,36874.0,11.7,551.0,0.52,11.1,20626.0,1,True,False,False,True,False,False
38.0,62086.0,11.7,538.0,0.331,15.9,26158.0,1,False,True,False,False,True,False
18.0,20000.0,11.2,300.0,0.93,0.0,16471.0,0,True,False,False,True,False,False
18.0,35488.0,16.5,433.0,0.733,0.0,14944.0,0,True,False,False,True,False,False
28.0,35486.0,13.4,550.0,0.658,3.7,13368.0,1,True,False,False,True,False,False
23.0,22204.0,13.2,349.0,0.806,0.0,24536.0,0,True,False,False,True,False,False
39.0,42654.0,8.0,374.0,0.778,27.0,24623.0,0,False,True,False,False,True,False
24.0,26362.0,15.9,462.0,0.759,2.9,13951.0,0,True,False,False,True,False,False
18.0,25056.0,10.3,376.0,0.836,0.0,16351.0,0,True,False,False,True,False,False
53.0,67288.0,14.2,828.0,0.753,30.3,34270.0,1,False,True,False,False,False,True
32.0,34159.0,14.8,526.0,0.545,6.6,21557.0,0,True,False,False,False,True,False
36.0,42778.0,18.1,623.0,0.394,12.9,34644.0,1,False,True,False,False,True,False
18.0,38738.0,10.1,430.0,0.83,0.0,11498.0,0,True,False,False,True,False,False
28.0,47981.0,8.0,350.0,0.518,17.9,17443.0,0,False,True,False,True,False,False
36.0,47088.0,14.6,584.0,0.581,8.2,23457.0,1,False,True,False,False,True,False
21.0,25730.0,19.4,522.0,0.726,0.0,18525.0,0,True,False,False,True,False,False
40.0,48370.0,17.7,701.0,0.577,15.3,17059.0,1,False,True,False,False,True,False
28.0,38259.0,14.6,493.0,0.95,12.2,7894.0,0,True,False,False,True,False,False
31.0,29617.0,12.5,501.0,0.924,9.6,15776.0,0,True,False,False,False,True,False
28.0,31276.0,16.4,407.0,0.917,0.0,8848.0,0,True,False,False,True,False,False
57.0,55324.0,11.1,702.0,0.334,40.0,32022.0,1,False,True,False,False,False,True
35.0,44999.0,15.4,623.0,0.477,16.5,24431.0,1,False,True,False,False,True,False
22.0,31947.0,15.5,426.0,0.355,3.0,9895.0,0,True,False,False,True,False,False
45.0,49979.0,17.2,720.0,0.479,26.4,20299.0,1,False,True,False,False,True,False
20.0,37012.0,20.0,559.0,0.873,10.3,14223.0,1,True,False,False,True,False,False
38.0,35202.0,15.2,581.0,0.826,26.4,26586.0,0,True,False,False,False,True,False
18.0,20000.0,12.5,380.0,0.867,0.0,2525.0,0,True,False,False,True,False,False
19.0,24670.0,13.9,363.0,0.85,5.2,16099.0,0,True,False,False,True,False,False
37.0,53212.0,8.7,525.0,0.465,17.3,28089.0,1,False,True,False,False,True,False
44.0,66105.0,11.9,692.0,0.47,24.4,33312.0,1,False,True,False,False,True,False
37.0,40797.0,12.8,577.0,0.807,6.6,28700.0,0,False,True,False,False,True,False
34.0,48964.0,12.4,524.0,0.368,10.8,32713.0,1,False,True,False,False,True,False
31.0,37356.0,14.5,554.0,0.771,5.3,17649.0,0,True,False,False,False,True,False
18.0,20219.0,11.5,393.0,0.95,0.1,11570.0,0,True,False,False,True,False,False
26.0,38704.0,17.4,446.0,0.651,9.7,14969.0,0,True,False,False,True,False,False
29.0,40585.0,14.0,585.0,0.799,0.0,18805.0,1,False,True,False,True,False,False
48.0,44611.0,14.0,663.0,0.95,25.6,35968.0,1,False,True,False,False,True,False
39.0,58760.0,13.0,647.0,0.497,22.7,18713.0,1,False,True,False,False,True,False
18.0,32641.0,14.5,486.0,0.833,0.0,7959.0,0,True,False,False,True,False,False
39.0,41662.0,16.5,573.0,0.573,20.5,30497.0,1,False,True,False,False,True,False
30.0,39621.0,11.4,458.0,0.731,10.1,24252.0,0,True,False,False,True,False,False
27.0,36205.0,12.0,453.0,0.807,6.6,15243.0,0,True,False,False,True,False,False
42.0,52894.0,13.1,602.0,0.6,19.0,30731.0,1,False,True,False,False,True,False
47.0,52444.0,10.0,720.0,0.423,19.3,30636.0,1,False,True,False,False,True,False
46.0,50037.0,11.5,600.0,0.631,18.6,35593.0,1,False,True,False,False,True,False
25.0,29711.0,12.6,420.0,0.95,6.5,15808.0,0,True,False,False,True,False,False
31.0,46929.0,16.6,604.0,0.698,9.4,25466.0,1,False,True,False,False,True,False
39.0,51119.0,14.8,576.0,0.733,16.3,37810.0,1,False,True,False,False,True,False
47.0,53083.0,14.6,679.0,0.534,22.6,31652.0,1,False,True,False,False,True,False
29.0,41273.0,16.6,581.0,0.8,5.7,18999.0,1,False,True,False,True,False,False
33.0,20000.0,13.6,489.0,0.942,16.0,21998.0,0,True,False,False,False,True,False
22.0,35259.0,15.2,467.0,0.605,0.0,12561.0,0,True,False,False,True,False,False
21.0,20000.0,13.7,384.0,0.948,0.0,24263.0,0,True,False,False,True,False,False
45.0,50801.0,14.8,606.0,0.443,26.5,28356.0,1,False,True,False,False,True,False
51.0,52572.0,12.3,715.0,0.479,28.3,29530.0,1,False,True,False,False,False,True
34.0,30606.0,8.0,542.0,0.822,12.3,15950.0,0,True,False,False,False,True,False
47.0,65737.0,13.6,713.0,0.487,33.1,35581.0,1,False,True,False,False,True,False
39.0,43466.0,18.3,687.0,0.487,17.2,28352.0,1,False,True,False,False,True,False
27.0,35482.0,16.8,575.0,0.903,6.7,14691.0,0,True,False,False,True,False,False
39.0,46829.0,16.9,598.0,0.718,11.4,27234.0,1,False,True,False,False,True,False
53.0,67964.0,17.7,850.0,0.315,30.4,25982.0,1,False,True,False,False,False,True
35.0,42099.0,14.3,585.0,0.448,15.6,22420.0,1,False,True,False,False,True,False
54.0,54267.0,14.6,839.0,0.536,24.0,34578.0,1,False,True,False,False,False,True
18.0,29570.0,12.1,349.0,0.737,0.0,20494.0,0,True,False,False,True,False,False
45.0,49885.0,13.1,745.0,0.618,23.4,23566.0,1,False,True,False,False,True,False
36.0,30801.0,15.8,626.0,0.738,14.3,14711.0,1,True,False,False,False,True,False
31.0,34269.0,17.6,612.0,0.456,14.6,14656.0,1,True,False,False,False,True,False
36.0,55327.0,13.6,615.0,0.488,15.8,16900.0,1,False,True,False,False,True,False
18.0,28402.0,12.6,378.0,0.77,3.4,18523.0,0,True,False,False,True,False,False
32.0,36048.0,14.0,601.0,0.835,5.4,27530.0,1,True,False,False,False,True,False
39.0,44348.0,15.8,647.0,0.552,18.0,25679.0,1,False,True,False,False,True,False
53.0,60709.0,9.7,590.0,0.745,31.2,38545.0,1,False,True,False,False,False,True
29.0,51151.0,8.0,397.0,0.302,1.4,20175.0,0,False,True,False,True,False,False
25.0,33413.0,12.3,445.0,0.95,8.1,15515.0,0,True,False,False,True,False,False
29.0,38215.0,10.3,479.0,0.684,18.6,16646.0,0,True,False,False,True,False,False
46.0,63424.0,12.5,679.0,0.595,23.9,27783.0,1,False,True,False,False,True,False
39.0,48644.0,13.6,673.0,0.626,19.5,16598.0,1,False,True,False,False,True,False
29.0,32299.0,12.6,386.0,0.948,7.1,18873.0,0,True,False,False,True,False,False
41.0,47820.0,18.4,707.0,0.564,15.6,25160.0,1,False,True,False,False,True,False
36.0,42825.0,15.0,509.0,0.507,5.1,26092.0,0,False,True,False,False,True,False
47.0,55651.0,14.9,746.0,0.757,21.1,29345.0,1,False,True,False,False,True,False
27.0,37711.0,15.9,521.0,0.706,0.0,16245.0,0,True,False,False,True,False,False
31.0,37697.0,10.6,504.0,0.756,17.6,14948.0,1,True,False,False,False,True,False
30.0,42215.0,17.1,540.0,0.863,7.7,19730.0,1,False,True,False,True,False,False
18.0,20954.0,13.8,456.0,0.736,0.0,14787.0,0,True,False,False,True,False,False
39.0,46893.0,16.0,694.0,0.72,21.0,18249.0,1,False,True,False,False,True,False
38.0,29774.0,10.8,556.0,0.714,10.5,22481.0,1,True,False,False,False,True,False
35.0,49404.0,9.3,513.0,0.586,9.2,23636.0,0,False,True,False,False,True,False
32.0,41394.0,16.5,616.0,0.697,10.5,16642.0,1,False,True,False,False,True,False
18.0,29603.0,15.1,395.0,0.579,1.2,9029.0,0,True,False,False,True,False,False
30.0,20000.0,11.3,492.0,0.783,10.5,18129.0,0,True,False,False,True,False,False
31.0,53772.0,11.4,608.0,0.765,10.1,15154.0,1,False,True,False,False,True,False
25.0,29330.0,17.4,576.0,0.94,3.8,17369.0,0,True,False,False,True,False,False
33.0,48543.0,10.4,482.0,0.605,13.1,16910.0,1,False,True,False,False,True,False
40.0,39499.0,18.9,700.0,0.741,18.9,29188.0,1,True,False,False,False,True,False
58.0,74063.0,11.3,714.0,0.315,30.5,47913.0,1,False,False,True,False,False,True
37.0,36087.0,15.9,636.0,0.943,15.3,17852.0,1,True,False,False,False,True,False
38.0,40719.0,13.0,604.0,0.663,10.7,25788.0,0,False,True,False,False,True,False
34.0,56240.0,15.8,529.0,0.572,12.5,19044.0,1,False,True,False,False,True,False
18.0,20075.0,12.4,312.0,0.95,0.0,16212.0,0,True,False,False,True,False,False
35.0,43358.0,13.5,553.0,0.55,25.4,15350.0,1,False,True,False,False,True,False
36.0,49828.0,14.1,582.0,0.836,13.5,25247.0,1,False,True,False,False,True,False
65.0,81436.0,11.0,784.0,0.1,35.5,36058.0,1,False,False,True,False,False,True
33.0,40433.0,16.2,605.0,0.94,10.0,19354.0,1,False,True,False,False,True,False
39.0,49262.0,12.5,607.0,0.551,19.2,19080.0,1,False,True,False,False,True,False
35.0,60727.0,13.3,588.0,0.456,21.0,27476.0,1,False,True,False,False,True,False
21.0,24710.0,11.0,345.0,0.569,0.0,8774.0,0,True,False,False,True,False,False
49.0,60065.0,8.0,682.0,0.431,18.8,33123.0,1,False,True,False,False,True,False
44.0,61233.0,13.4,759.0,0.332,26.1,26414.0,1,False,True,False,False,True,False
44.0,62235.0,20.0,756.0,0.387,15.6,27897.0,1,False,True,False,False,True,False
24.0,38401.0,16.4,484.0,0.695,0.0,16623.0,0,True,False,False,True,False,False
52.0,67310.0,13.9,783.0,0.571,28.5,28839.0,1,False,True,False,False,False,True
18.0,20000.0,13.2,366.0,0.931,0.0,12141.0,0,True,False,False,True,False,False
42.0,63518.0,14.1,667.0,0.511,23.5,35025.0,1,False,True,False,False,True,False
61.0,64372.0,15.6,850.0,0.292,35.9,33189.0,1,False,True,False,False,False,True
23.0,30157.0,10.5,307.0,0.666,0.0,20432.0,0,True,False,False,True,False,False
28.0,27811.0,17.3,607.0,0.95,6.1,24374.0,1,True,False,False,True,False,False
36.0,42922.0,16.1,621.0,0.561,14.9,18309.0,1,False,True,False,False,True,False
29.0,37380.0,16.2,528.0,0.95,7.4,10942.0,1,True,False,False,True,False,False
18.0,24171.0,15.3,418.0,0.822,0.0,12927.0,0,True,False,False,True,False,False
36.0,46363.0,14.1,588.0,0.637,18.0,19811.0,1,False,True,False,False,True,False
22.0,39613.0,16.0,411.0,0.864,2.2,24430.0,0,True,False,False,True,False,False
41.0,52448.0,15.8,742.0,0.766,21.0,25760.0,1,False,True,False,False,True,False
24.0,26807.0,12.9,441.0,0.815,0.0,10653.0,0,True,False,False,True,False,False
54.0,72032.0,12.3,779.0,0.321,31.9,28267.0,1,False,False,True,False,False,True
26.0,40237.0,14.3,547.0,0.689,6.0,22274.0,0,False,True,False,True,False,False
31.0,27541.0,18.6,533.0,0.875,12.8,15466.0,0,True,False,False,False,True,False
45.0,58494.0,10.3,653.0,0.649,19.3,28450.0,1,False,True,False,False,True,False
20.0,29885.0,9.6,352.0,0.802,0.0,17882.0,0,True,False,False,True,False,False
38.0,42895.0,14.5,647.0,0.764,12.9,20733.0,0,False,True,False,False,True,False
51.0,71829.0,14.2,655.0,0.627,31.4,32296.0,1,False,False,True,False,False,True
18.0,20400.0,14.5,398.0,0.95,1.2,10957.0,0,True,False,False,True,False,False
37.0,45663.0,14.7,580.0,0.69,13.2,26591.0,0,False,True,False,False,True,False
38.0,44358.0,13.3,615.0,0.429,20.7,26449.0,1,False,True,False,False,True,False
44.0,53383.0,18.5,762.0,0.172,23.0,26429.0,1,False,True,False,False,True,False
20.0,20000.0,9.2,304.0,0.95,0.0,12397.0,0,True,False,False,True,False,False
19.0,20000.0,11.5,330.0,0.886,0.0,9718.0,0,True,False,False,True,False,False
41.0,62272.0,13.7,654.0,0.4,23.0,19471.0,1,False,True,False,False,True,False
39.0,39501.0,9.1,479.0,0.742,18.2,24520.0,0,True,False,False,False,True,False
38.0,37676.0,13.5,624.0,0.714,27.4,32232.0,1,True,False,False,False,True,False
39.0,29762.0,19.0,639.0,0.95,12.9,18136.0,1,True,False,False,False,True,False
27.0,27096.0,14.1,335.0,0.842,7.4,12264.0,0,True,False,False,True,False,False
38.0,34760.0,14.7,573.0,0.64,13.1,18016.0,1,True,False,False,False,True,False
39.0,59356.0,10.2,528.0,0.655,12.2,28817.0,1,False,True,False,False,True,False
26.0,39792.0,12.2,392.0,0.67,4.4,19436.0,0,True,False,False,True,False,False
57.0,63362.0,12.9,717.0,0.545,36.1,34238.0,1,False,True,False,False,False,True
41.0,66843.0,13.0,660.0,0.36,33.3,22437.0,1,False,True,False,False,True,False
21.0,32699.0,17.8,565.0,0.676,0.0,14084.0,0,True,False,False,True,False,False
43.0,48856.0,15.7,691.0,0.624,15.2,18502.0,1,False,True,False,False,True,False
23.0,20000.0,10.7,356.0,0.902,2.7,14369.0,0,True,False,False,True,False,False
44.0,71662.0,14.7,743.0,0.455,12.1,33746.0,1,False,False,True,False,True,False
49.0,47567.0,15.5,696.0,0.584,26.4,22952.0,1,False,True,False,False,True,False
25.0,20000.0,17.4,468.0,0.625,3.2,6913.0,0,True,False,False,True,False,False
47.0,64053.0,18.7,724.0,0.395,28.5,37583.0,1,False,True,False,False,True,False
40.0,67462.0,11.0,531.0,0.544,22.8,23664.0,1,False,True,False,False,True,False
45.0,64912.0,11.6,643.0,0.406,20.3,34603.0,1,False,True,False,False,True,False
58.0,73825.0,10.2,771.0,0.325,35.0,35493.0,1,False,False,True,False,False,True
32.0,43224.0,13.3,538.0,0.816,6.2,19540.0,1,False,True,False,False,True,False
26.0,37974.0,15.4,494.0,0.613,0.0,18967.0,0,True,False,False,True,False,False
24.0,35262.0,17.0,472.0,0.516,3.9,11269.0,0,True,False,False,True,False,False
25.0,32502.0,13.8,504.0,0.751,0.0,16518.0,0,True,False,False,True,False,False
34.0,41723.0,13.0,486.0,0.61,10.0,19302.0,0,False,True,False,False,True,False
39.0,46412.0,14.5,661.0,0.491,12.1,17586.0,1,False,True,False,False,True,False
38.0,39953.0,11.5,509.0,0.674,19.1,24843.0,1,True,False,False,False,True,False
45.0,51666.0,20.0,725.0,0.657,31.9,26313.0,1,False,True,False,False,True,False
35.0,28644.0,9.2,403.0,0.812,6.6,19657.0,0,True,False,False,False,True,False
52.0,62144.0,14.6,737.0,0.525,21.2,26385.0,1,False,True,False,False,False,True
32.0,30280.0,20.0,664.0,0.95,9.2,26897.0,1,True,False,False,False,True,False
68.0,72342.0,14.0,850.0,0.325,40.0,45439.0,1,False,False,True,False,False,True
43.0,52449.0,13.4,695.0,0.617,21.6,31320.0,1,False,True,False,False,True,False
25.0,40793.0,12.9,499.0,0.616,0.5,14909.0,0,False,True,False,True,False,False
22.0,33926.0,13.5,392.0,0.634,0.0,5821.0,0,True,False,False,True,False,False
41.0,36384.0,18.1,654.0,0.648,20.6,33798.0,1,True,False,False,False,True,False
32.0,30865.0,8.0,401.0,0.72,15.5,18940.0,0,True,False,False,False,True,False
44.0,59808.0,18.6,814.0,0.556,11.8,24021.0,1,False,True,False,False,True,False
41.0,40955.0,9.7,493.0,0.95,16.8,26519.0,0,False,True,False,False,True,False
34.0,39154.0,13.2,594.0,0.601,13.2,26814.0,1,True,False,False,False,True,False
25.0,34207.0,12.7,502.0,0.695,0.0,15725.0,0,True,False,False,True,False,False
18.0,20000.0,15.8,512.0,0.891,4.7,17393.0,0,True,False,False,True,False,False
30.0,36413.0,9.2,428.0,0.795,4.5,23877.0,0,True,False,False,True,False,False
45.0,43660.0,15.4,716.0,0.703,23.1,21622.0,1,False,True,False,False,True,False
38.0,40272.0,20.0,795.0,0.89,18.3,19443.0,1,False,True,False,False,True,False
20.0,26620.0,9.9,331.0,0.47,0.0,17475.0,0,True,False,False,True,False,False
37.0,31750.0,14.6,502.0,0.424,5.8,8151.0,1,True,False,False,False,True,False
40.0,51072.0,12.0,505.0,0.515,15.5,24172.0,1,False,True,False,False,True,False
24.0,29115.0,15.3,518.0,0.95,7.5,7954.0,0,True,False,False,True,False,False
37.0,48634.0,14.1,509.0,0.379,13.2,20903.0,1,False,True,False,False,True,False
36.0,44630.0,12.1,537.0,0.203,9.5,20818.0,1,False,True,False,False,True,False
21.0,36454.0,15.5,497.0,0.821,3.9,12496.0,0,True,False,False,True,False,False
39.0,48154.0,19.4,711.0,0.655,15.6,21701.0,1,False,True,False,False,True,False
42.0,46640.0,13.4,650.0,0.47,17.2,20043.0,1,False,True,False,False,True,False
48.0,58574.0,16.2,755.0,0.366,26.7,41315.0,1,False,True,False,False,True,False
48.0,61521.0,10.1,720.0,0.339,29.5,39312.0,1,False,True,False,False,True,False
18.0,22552.0,11.1,312.0,0.891,8.4,5679.0,0,True,False,False,True,False,False
24.0,28820.0,15.4,445.0,0.718,5.9,22666.0,0,True,False,False,True,False,False
41.0,43801.0,18.5,655.0,0.736,25.0,22973.0,1,False,True,False,False,True,False
41.0,44095.0,15.1,685.0,0.231,16.6,25638.0,1,False,True,False,False,True,False
41.0,38196.0,13.1,647.0,0.59,14.1,24094.0,1,True,False,False,False,True,False
70.0,97997.0,14.0,850.0,0.1,40.0,41501.0,1,False,False,True,False,False,True
42.0,40270.0,10.2,628.0,0.659,20.4,29872.0,1,False,True,False,False,True,False
49.0,52809.0,15.8,673.0,0.491,21.2,30224.0,1,False,True,False,False,True,False
46.0,49990.0,16.6,805.0,0.72,23.6,25840.0,1,False,True,False,False,True,False
43.0,58539.0,12.6,725.0,0.236,22.8,20739.0,1,False,True,False,False,True,False
31.0,35101.0,12.6,546.0,0.756,11.0,14650.0,1,True,False,False,False,True,False
44.0,62911.0,14.8,790.0,0.555,24.6,20138.0,1,False,True,False,False,True,False
26.0,25483.0,12.7,364.0,0.95,5.2,15473.0,0,True,False,False,True,False,False
32.0,40822.0,13.8,520.0,0.62,7.6,14178.0,1,False,True,False,False,True,False
29.0,28328.0,20.0,553.0,0.865,4.6,16093.0,0,True,False,False,True,False,False
36.0,60340.0,13.3,643.0,0.226,8.0,30876.0,1,False,True,False,False,True,False
63.0,65830.0,12.9,775.0,0.1,40.0,43967.0,1,False,True,False,False,False,True
18.0,24079.0,12.1,411.0,0.95,0.0,11246.0,0,True,False,False,True,False,False
43.0,56952.0,16.2,772.0,0.53,20.1,26877.0,1,False,True,False,False,True,False
18.0,24910.0,13.5,430.0,0.95,0.0,20890.0,0,True,False,False,True,False,False
29.0,33722.0,12.1,497.0,0.557,22.0,20644.0,1,True,False,False,True,False,False
48.0,56642.0,18.0,718.0,0.612,20.7,28059.0,1,False,True,False,False,True,False
36.0,43276.0,18.3,604.0,0.948,11.6,15083.0,1,False,True,False,False,True,False
22.0,25304.0,12.2,473.0,0.91,2.1,15533.0,0,True,False,False,True,False,False
26.0,39411.0,8.4,455.0,0.747,7.4,21296.0,0,True,False,False,True,False,False
43.0,69470.0,17.0,738.0,0.407,25.9,25366.0,1,False,True,False,False,True,False
26.0,27023.0,11.9,422.0,0.594,13.3,17276.0,0,True,False,False,True,False,False
38.0,34159.0,16.4,513.0,0.95,18.1,20397.0,1,True,False,False,False,True,False
36.0,41950.0,8.1,436.0,0.589,8.3,21048.0,0,False,True,False,False,True,False
27.0,53255.0,16.7,670.0,0.643,3.9,6477.0,1,False,True,False,True,False,False
61.0,66443.0,10.4,710.0,0.201,40.0,35899.0,1,False,True,False,False,False,True
43.0,64241.0,16.2,722.0,0.281,30.9,32574.0,1,False,True,False,False,True,False
18.0,35022.0,14.0,475.0,0.95,0.0,9345.0,0,True,False,False,True,False,False
37.0,40256.0,11.1,483.0,0.645,21.3,22907.0,1,False,True,False,False,True,False
27.0,37022.0,12.8,491.0,0.948,6.0,13452.0,0,True,False,False,True,False,False
45.0,67302.0,16.1,784.0,0.415,27.4,31147.0,1,False,True,False,False,True,False
25.0,27555.0,14.3,474.0,0.548,3.0,14418.0,0,True,False,False,True,False,False
34.0,38719.0,15.8,726.0,0.847,7.4,15987.0,1,True,False,False,False,True,False
41.0,44618.0,19.9,633.0,0.565,22.8,31655.0,1,False,True,False,False,True,False
45.0,46349.0,9.3,648.0,0.741,26.7,31974.0,1,False,True,False,False,True,False
21.0,20000.0,18.9,479.0,0.904,3.5,9274.0,0,True,False,False,True,False,False
31.0,27392.0,14.3,556.0,0.595,8.9,20721.0,0,True,False,False,False,True,False
29.0,35433.0,11.3,497.0,0.77,4.3,20881.0,0,True,False,False,True,False,False
27.0,26432.0,10.0,384.0,0.95,0.0,19435.0,0,True,False,False,True,False,False
56.0,69293.0,13.4,801.0,0.481,38.3,26551.0,1,False,True,False,False,False,True
40.0,35385.0,16.8,548.0,0.738,20.0,28501.0,0,True,False,False,False,True,False
20.0,26490.0,13.6,446.0,0.95,0.0,9735.0,0,True,False,False,True,False,False
46.0,61885.0,18.5,785.0,0.513,21.3,27407.0,1,False,True,False,False,True,False
60.0,56609.0,9.6,774.0,0.565,36.1,49083.0,1,False,True,False,False,False,True
47.0,59860.0,14.0,761.0,0.338,18.0,31190.0,1,False,True,False,False,True,False
18.0,31421.0,10.2,379.0,0.821,0.0,10211.0,0,True,False,False,True,False,False
29.0,25350.0,15.1,518.0,0.95,1.5,6103.0,1,True,False,False,True,False,False
50.0,73624.0,16.7,755.0,0.238,26.1,39413.0,1,False,False,True,False,True,False
27.0,35162.0,12.7,438.0,0.95,0.8,10044.0,0,True,False,False,True,False,False
40.0,42751.0,8.0,587.0,0.659,10.2,19421.0,1,False,True,False,False,True,False
44.0,52709.0,14.6,751.0,0.44,32.4,25762.0,1,False,True,False,False,True,False
24.0,33119.0,15.3,475.0,0.918,8.1,22332.0,1,True,False,False,True,False,False
34.0,41751.0,15.2,588.0,0.639,8.4,25184.0,1,False,True,False,False,True,False
18.0,25910.0,17.7,416.0,0.95,0.0,10802.0,0,True,False,False,True,False,False
23.0,20000.0,10.8,442.0,0.856,2.8,14895.0,0,True,False,False,True,False,False
32.0,39718.0,16.0,609.0,0.694,15.9,16954.0,1,True,False,False,False,True,False
20.0,20000.0,17.6,561.0,0.95,0.0,12712.0,0,True,False,False,True,False,False
55.0,64617.0,8.7,652.0,0.497,38.0,34123.0,1,False,True,False,False,False,True
18.0,20000.0,15.0,389.0,0.601,0.0,15844.0,0,True,False,False,True,False,False
30.0,29779.0,12.5,496.0,0.634,1.0,22674.0,0,True,False,False,True,False,False
37.0,53771.0,13.8,639.0,0.702,18.2,26131.0,1,False,True,False,False,True,False
52.0,71485.0,15.0,776.0,0.365,36.7,31484.0,1,False,False,True,False,False,True
18.0,26473.0,12.5,341.0,0.757,8.9,15356.0,0,True,False,False,True,False,False
49.0,50011.0,12.0,715.0,0.396,21.0,29020.0,1,False,True,False,False,True,False
35.0,39616.0,14.1,608.0,0.542,16.6,16113.0,1,True,False,False,False,True,False
23.0,37571.0,10.7,376.0,0.421,0.0,13352.0,0,True,False,False,True,False,False
41.0,49788.0,10.7,653.0,0.587,22.5,25674.0,1,False,True,False,False,True,False
37.0,63421.0,16.0,725.0,0.376,8.0,29588.0,1,False,True,False,False,True,False
28.0,36503.0,10.6,460.0,0.59,0.0,16631.0,0,True,False,False,True,False,False
36.0,44542.0,16.0,620.0,0.644,10.0,16327.0,1,False,True,False,False,True,False
30.0,33979.0,15.4,569.0,0.815,8.8,18870.0,1,True,False,False,True,False,False
36.0,44703.0,8.8,470.0,0.95,11.2,23219.0,0,False,True,False,False,True,False
43.0,50315.0,12.0,625.0,0.37,24.2,27433.0,1,False,True,False,False,True,False
54.0,70504.0,17.6,729.0,0.569,37.2,38666.0,1,False,False,True,False,False,True
20.0,31829.0,11.1,434.0,0.928,1.1,18351.0,0,True,False,False,True,False,False
61.0,66428.0,12.6,729.0,0.319,40.0,33970.0,1,False,True,False,False,False,True
18.0,20000.0,15.4,490.0,0.93,0.0,7919.0,0,True,False,False,True,False,False
33.0,25125.0,16.4,544.0,0.78,5.1,13901.0,1,True,False,False,False,True,False
42.0,54536.0,13.2,634.0,0.582,26.9,29978.0,1,False,True,False,False,True,False
38.0,37219.0,12.2,533.0,0.95,13.3,30152.0,1,True,False,False,False,True,False
28.0,20000.0,18.3,520.0,0.95,10.1,14188.0,0,True,False,False,True,False,False
33.0,42112.0,19.2,703.0,0.755,18.4,19255.0,1,False,True,False,False,True,False
29.0,54845.0,16.9,472.0,0.487,9.4,27360.0,0,False,True,False,True,False,False
28.0,33465.0,14.3,568.0,0.543,0.0,19838.0,1,True,False,False,True,False,False
45.0,60942.0,11.6,674.0,0.459,18.6,30873.0,1,False,True,False,False,True,False
39.0,47796.0,11.5,522.0,0.803,23.9,18467.0,1,False,True,False,False,True,False
27.0,31231.0,15.6,456.0,0.559,3.8,19859.0,0,True,False,False,True,False,False
46.0,62307.0,15.3,804.0,0.319,24.2,24483.0,1,False,True,False,False,True,False
39.0,44103.0,18.2,624.0,0.678,20.5,18084.0,1,False,True,False,False,True,False
45.0,55844.0,16.0,651.0,0.394,26.2,26228.0,1,False,True,False,False,True,False
43.0,53640.0,9.5,647.0,0.445,21.9,23713.0,1,False,True,False,False,True,False
25.0,24718.0,17.2,524.0,0.789,2.0,13890.0,0,True,False,False,True,False,False
28.0,41870.0,11.0,428.0,0.476,4.7,11121.0,0,False,True,False,True,False,False
44.0,51361.0,12.8,658.0,0.44,26.3,31914.0,1,False,True,False,False,True,False
42.0,44743.0,14.8,598.0,0.758,23.1,31275.0,1,False,True,False,False,True,False
35.0,45991.0,20.0,725.0,0.444,11.5,12237.0,1,False,True,False,False,True,False
36.0,36502.0,20.0,717.0,0.495,19.8,26746.0,1,True,False,False,False,True,False
50.0,60624.0,15.8,788.0,0.399,27.7,27176.0,1,False,True,False,False,True,False
28.0,33408.0,13.5,510.0,0.876,1.6,21576.0,0,True,False,False,True,False,False
42.0,58565.0,15.6,772.0,0.485,15.8,26297.0,1,False,True,False,False,True,False
33.0,42886.0,16.7,596.0,0.601,5.7,20719.0,1,False,True,False,False,True,False
32.0,38665.0,13.0,473.0,0.72,9.0,19135.0,0,True,False,False,False,True,False
48.0,64365.0,19.4,827.0,0.194,32.4,36590.0,1,False,True,False,False,True,False
45.0,65008.0,14.7,814.0,0.524,18.9,22755.0,1,False,True,False,False,True,False
45.0,58177.0,15.5,656.0,0.576,23.7,31238.0,1,False,True,False,False,True,False
51.0,60882.0,16.0,749.0,0.43,25.4,36928.0,1,False,True,False,False,False,True
35.0,31808.0,15.3,595.0,0.933,12.0,24388.0,1,True,False,False,False,True,False
43.0,43299.0,16.5,677.0,0.498,13.6,37545.0,1,False,True,False,False,True,False
31.0,35090.0,12.1,454.0,0.918,8.2,16503.0,0,True,False,False,False,True,False
39.0,41792.0,12.3,636.0,0.705,15.9,28411.0,1,False,True,False,False,True,False
33.0,38630.0,10.7,621.0,0.663,14.1,20052.0,0,True,False,False,False,True,False
36.0,43850.0,15.3,617.0,0.659,15.3,28634.0,1,False,True,False,False,True,False
42.0,54808.0,16.3,647.0,0.536,14.1,26513.0,1,False,True,False,False,True,False
25.0,29654.0,15.4,414.0,0.95,8.6,13617.0,0,True,False,False,True,False,False
60.0,76022.0,19.0,850.0,0.178,39.2,44187.0,1,False,False,True,False,False,True
23.0,28029.0,14.0,504.0,0.705,1.9,11809.0,0,True,False,False,True,False,False
20.0,20000.0,16.0,467.0,0.95,0.0,5151.0,0,True,False,False,True,False,False
49.0,51162.0,10.7,654.0,0.499,24.3,26981.0,1,False,True,False,False,True,False
44.0,52247.0,12.8,624.0,0.713,23.6,30570.0,1,False,True,False,False,True,False
42.0,41310.0,16.1,609.0,0.942,22.9,32336.0,0,False,True,False,False,True,False
43.0,55848.0,16.5,742.0,0.481,11.8,27410.0,1,False,True,False,False,True,False
35.0,54070.0,13.1,629.0,0.662,10.2,29424.0,1,False,True,False,False,True,False
24.0,38830.0,13.8,401.0,0.539,1.0,9209.0,0,True,False,False,True,False,False
36.0,41384.0,9.4,591.0,0.799,15.2,19877.0,1,False,True,False,False,True,False
27.0,44175.0,12.9,526.0,0.688,10.8,16412.0,1,False,True,False,True,False,False
47.0,57231.0,16.7,808.0,0.599,20.8,28501.0,1,False,True,False,False,True,False
33.0,37186.0,15.7,509.0,0.631,8.7,20757.0,1,True,False,False,False,True,False
25.0,25206.0,15.5,415.0,0.599,0.5,18522.0,0,True,False,False,True,False,False
31.0,34952.0,14.1,524.0,0.826,5.1,16843.0,0,True,False,False,False,True,False
40.0,44841.0,14.0,645.0,0.342,16.2,25157.0,1,False,True,False,False,True,False
28.0,35246.0,12.0,566.0,0.7,10.1,17417.0,1,True,False,False,True,False,False
25.0,31445.0,16.1,541.0,0.927,0.0,11082.0,0,True,False,False,True,False,False
38.0,45533.0,15.3,611.0,0.673,18.1,22947.0,1,False,True,False,False,True,False
38.0,49023.0,15.5,582.0,0.902,7.4,23154.0,1,False,True,False,False,True,False
29.0,44225.0,12.4,568.0,0.812,4.1,18055.0,0,False,True,False,True,False,False
29.0,42813.0,8.0,392.0,0.574,5.7,19114.0,0,False,True,False,True,False,False
38.0,33462.0,17.3,710.0,0.769,24.2,22617.0,1,True,False,False,False,True,False
18.0,20000.0,12.6,358.0,0.893,0.0,8839.0,0,True,False,False,True,False,False
18.0,29207.0,11.4,454.0,0.571,0.0,18339.0,0,True,False,False,True,False,False
26.0,20719.0,16.1,528.0,0.752,0.0,9414.0,0,True,False,False,True,False,False
32.0,37128.0,12.8,519.0,0.645,10.6,16327.0,1,True,False,False,False,True,False
39.0,37116.0,17.2,616.0,0.423,19.8,36977.0,1,True,False,False,False,True,False
53.0,48829.0,15.9,740.0,0.619,32.6,26045.0,1,False,True,False,False,False,True
45.0,58682.0,16.1,742.0,0.476,24.1,21745.0,1,False,True,False,False,True,False
33.0,45770.0,9.9,509.0,0.391,16.9,24790.0,1,False,True,False,False,True,False
35.0,37114.0,17.6,587.0,0.789,10.1,10712.0,1,True,False,False,False,True,False
23.0,20000.0,14.8,437.0,0.95,5.4,12308.0,0,True,False,False,True,False,False
35.0,37363.0,12.9,550.0,0.76,4.6,31854.0,1,True,False,False,False,True,False
32.0,40978.0,14.4,444.0,0.642,5.0,12141.0,0,False,True,False,False,True,False
39.0,34816.0,8.7,534.0,0.841,7.8,13008.0,0,True,False,False,False,True,False
25.0,31555.0,15.2,443.0,0.886,1.7,8196.0,0,True,False,False,True,False,False
41.0,49356.0,10.9,535.0,0.653,19.0,30043.0,1,False,True,False,False,True,False
53.0,68706.0,9.9,629.0,0.289,32.0,39191.0,1,False,True,False,False,False,True
34.0,41390.0,9.4,404.0,0.728,12.0,18424.0,0,False,True,False,False,True,False
40.0,40000.0,17.3,591.0,0.879,13.2,27326.0,0,True,False,False,False,True,False
43.0,61511.0,12.1,616.0,0.395,20.3,34743.0,1,False,True,False,False,True,False
30.0,34954.0,18.6,688.0,0.95,0.7,27525.0,1,True,False,False,True,False,False
38.0,45008.0,12.4,551.0,0.571,22.5,22114.0,1,False,True,False,False,True,False
35.0,34715.0,8.9,493.0,0.758,11.6,9540.0,0,True,False,False,False,True,False
36.0,39860.0,10.7,549.0,0.601,11.7,17968.0,0,True,False,False,False,True,False
26.0,23790.0,17.7,526.0,0.896,11.7,13107.0,0,True,False,False,True,False,False
35.0,40969.0,13.5,563.0,0.429,7.1,20449.0,1,False,True,False,False,True,False
41.0,62865.0,12.4,579.0,0.389,13.3,25835.0,1,False,True,False,False,True,False
52.0,51921.0,14.5,813.0,0.417,24.9,36993.0,1,False,True,False,False,False,True
47.0,42905.0,15.5,781.0,0.691,24.2,33918.0,1,False,True,False,False,True,False
61.0,84775.0,17.4,832.0,0.401,40.0,38038.0,1,False,False,True,False,False,True
26.0,29276.0,18.3,489.0,0.904,7.5,21316.0,1,True,False,False,True,False,False
45.0,49209.0,12.9,642.0,0.252,36.3,29443.0,1,False,True,False,False,True,False
37.0,52959.0,10.0,506.0,0.877,4.0,24219.0,0,False,True,False,False,True,False
61.0,68688.0,12.8,844.0,0.457,40.0,42040.0,1,False,True,False,False,False,True
25.0,44969.0,14.8,478.0,0.534,0.5,17508.0,0,False,True,False,True,False,False
25.0,35331.0,11.1,545.0,0.77,0.0,26284.0,1,True,False,False,True,False,False
28.0,29465.0,11.1,508.0,0.832,2.7,9658.0,0,True,False,False,True,False,False
18.0,38858.0,15.0,458.0,0.611,0.0,10310.0,0,True,False,False,True,False,False
29.0,29583.0,13.9,548.0,0.834,15.1,16671.0,0,True,False,False,True,False,False
26.0,37005.0,14.1,548.0,0.639,8.1,18843.0,1,True,False,False,True,False,False
37.0,46560.0,11.7,535.0,0.574,14.9,29398.0,1,False,True,False,False,True,False
39.0,57335.0,13.3,586.0,0.424,23.9,25162.0,1,False,True,False,False,True,False
58.0,81509.0,11.2,795.0,0.1,28.0,29797.0,1,False,False,True,False,False,True
46.0,55942.0,16.7,776.0,0.562,17.8,33009.0,1,False,True,False,False,True,False
28.0,27665.0,17.1,543.0,0.911,0.0,20580.0,0,True,False,False,True,False,False
24.0,32743.0,8.5,307.0,0.85,0.0,5674.0,0,True,False,False,True,False,False
41.0,43662.0,11.2,543.0,0.786,19.7,24799.0,1,False,True,False,False,True,False
19.0,39096.0,9.5,370.0,0.758,0.0,5537.0,0,True,False,False,True,False,False
57.0,69465.0,12.0,772.0,0.325,35.7,32112.0,1,False,True,False,False,False,True
49.0,56061.0,13.7,810.0,0.665,20.1,25669.0,1,False,True,False,False,True,False
29.0,36721.0,9.7,384.0,0.529,11.4,22403.0,0,True,False,False,True,False,False
18.0,20000.0,11.2,378.0,0.765,0.0,11584.0,0,True,False,False,True,False,False
51.0,53723.0,11.0,757.0,0.418,32.9,24568.0,1,False,True,False,False,False,True
34.0,49954.0,14.6,702.0,0.762,2.2,26208.0,1,False,True,False,False,True,False
50.0,54569.0,14.2,701.0,0.696,29.4,23215.0,1,False,True,False,False,True,False
18.0,20000.0,11.8,386.0,0.95,0.0,12651.0,0,True,False,False,True,False,False
28.0,37662.0,14.5,544.0,0.884,3.8,13600.0,0,True,False,False,True,False,False
35.0,51561.0,12.4,579.0,0.452,15.7,20859.0,1,False,True,False,False,True,False
36.0,48428.0,13.2,574.0,0.668,14.0,25146.0,1,False,True,False,False,True,False
30.0,43487.0,19.0,631.0,0.646,3.3,21756.0,1,False,True,False,True,False,False
42.0,44915.0,18.0,573.0,0.778,20.5,32413.0,1,False,True,False,False,True,False
22.0,20000.0,10.1,403.0,0.883,0.0,12683.0,0,True,False,False,True,False,False
33.0,51960.0,16.5,624.0,0.523,17.0,23374.0,1,False,True,False,False,True,False
36.0,41151.0,16.4,609.0,0.77,13.4,20148.0,0,False,True,False,False,True,False
41.0,47401.0,10.6,685.0,0.757,24.8,26237.0,1,False,True,False,False,True,False
44.0,62873.0,16.5,687.0,0.371,18.9,30254.0,1,False,True,False,False,True,False
22.0,30255.0,18.6,492.0,0.788,0.0,13286.0,0,True,False,False,True,False,False
18.0,25247.0,10.6,454.0,0.689,0.0,2506.0,0,True,False,False,True,False,False
50.0,77719.0,11.2,685.0,0.1,32.7,34595.0,1,False,False,True,False,True,False
39.0,41637.0,17.1,623.0,0.714,13.4,25480.0,1,False,True,False,False,True,False
26.0,38645.0,14.8,500.0,0.805,7.2,13473.0,0,True,False,False,True,False,False
54.0,64793.0,15.7,835.0,0.491,29.7,26864.0,1,False,True,False,False,False,True
36.0,45814.0,15.0,618.0,0.349,4.5,30155.0,1,False,True,False,False,True,False
49.0,71210.0,15.2,699.0,0.335,24.3,34154.0,1,False,False,True,False,True,False
36.0,47035.0,10.0,504.0,0.297,7.9,21463.0,1,False,True,False,False,True,False
60.0,75981.0,17.1,850.0,0.546,37.9,31777.0,1,False,False,True,False,False,True
56.0,75857.0,17.5,850.0,0.179,28.1,31509.0,1,False,False,True,False,False,True
32.0,35495.0,13.3,548.0,0.933,14.6,26069.0,0,True,False,False,False,True,False
47.0,49277.0,13.9,701.0,0.749,24.2,28945.0,1,False,True,False,False,True,False
43.0,42935.0,9.4,480.0,0.536,19.9,22913.0,0,False,True,False,False,True,False
51.0,45977.0,15.5,790.0,0.47,32.7,32858.0,1,False,True,False,False,False,True
23.0,44555.0,15.7,525.0,0.707,6.2,12094.0,0,False,True,False,True,False,False
43.0,43053.0,13.8,708.0,0.543,21.1,33426.0,1,False,True,False,False,True,False
48.0,55471.0,17.4,775.0,0.561,21.8,36162.0,1,False,True,False,False,True,False
18.0,20000.0,13.0,434.0,0.828,0.0,8667.0,0,True,False,False,True,False,False
21.0,27420.0,15.7,480.0,0.559,0.0,9999.0,0,True,False,False,True,False,False
18.0,28126.0,10.9,432.0,0.484,0.0,0.0,0,True,False,False,True,False,False
32.0,45004.0,13.9,579.0,0.684,10.3,12976.0,1,False,True,False,False,True,False
44.0,47668.0,13.5,641.0,0.539,19.9,19875.0,1,False,True,False,False,True,False
53.0,62297.0,14.7,850.0,0.394,34.5,33420.0,1,False,True,False,False,False,True
36.0,45328.0,12.9,616.0,0.751,10.8,20846.0,1,False,True,False,False,True,False
55.0,63463.0,13.6,796.0,0.641,32.3,26891.0,1,False,True,False,False,False,True
18.0,34985.0,16.5,401.0,0.709,2.4,11312.0,0,True,False,False,True,False,False
18.0,25528.0,12.7,321.0,0.794,0.0,14079.0,0,True,False,False,True,False,False
34.0,47079.0,9.2,521.0,0.704,12.0,24514.0,1,False,True,False,False,True,False
40.0,52834.0,19.2,719.0,0.368,14.6,15589.0,1,False,True,False,False,True,False
35.0,50917.0,18.1,620.0,0.624,9.4,21754.0,1,False,True,False,False,True,False
18.0,23048.0,10.1,349.0,0.95,0.0,4388.0,0,True,False,False,True,False,False
34.0,30342.0,16.1,653.0,0.899,9.2,24508.0,1,True,False,False,False,True,False
19.0,26413.0,12.5,430.0,0.545,1.1,16235.0,0,True,False,False,True,False,False
43.0,46432.0,14.8,602.0,0.521,19.9,21671.0,1,False,True,False,False,True,False
39.0,43050.0,14.9,619.0,0.538,10.7,20174.0,1,False,True,False,False,True,False
24.0,33157.0,13.3,415.0,0.783,10.6,12870.0,0,True,False,False,True,False,False
29.0,44507.0,11.6,475.0,0.727,8.4,7603.0,1,False,True,False,True,False,False
22.0,26917.0,11.9,390.0,0.95,0.0,15516.0,0,True,False,False,True,False,False
34.0,43568.0,11.3,506.0,0.59,10.0,20117.0,0,False,True,False,False,True,False
46.0,69372.0,11.5,620.0,0.332,25.0,35019.0,1,False,True,False,False,True,False
23.0,29732.0,13.8,445.0,0.95,9.7,9067.0,0,True,False,False,True,False,False
41.0,70072.0,11.9,618.0,0.444,13.5,24436.0,1,False,False,True,False,True,False
29.0,38888.0,16.0,401.0,0.901,11.5,10675.0,0,True,False,False,True,False,False
25.0,20000.0,18.5,623.0,0.943,10.5,9721.0,0,True,False,False,True,False,False
34.0,46485.0,12.3,601.0,0.462,8.6,15596.0,1,False,True,False,False,True,False
23.0,30142.0,14.7,443.0,0.599,0.0,19283.0,0,True,False,False,True,False,False
28.0,44345.0,15.5,549.0,0.424,1.2,15121.0,1,False,True,False,True,False,False
21.0,30136.0,15.4,398.0,0.898,0.0,13947.0,0,True,False,False,True,False,False
59.0,69184.0,14.2,850.0,0.586,36.4,34303.0,1,False,True,False,False,False,True
35.0,32713.0,16.2,687.0,0.95,16.7,14636.0,1,True,False,False,False,True,False
27.0,30252.0,15.4,513.0,0.924,10.1,15485.0,0,True,False,False,True,False,False
38.0,38277.0,10.3,583.0,0.892,11.8,25607.0,0,True,False,False,False,True,False
34.0,35738.0,16.6,599.0,0.656,1.8,14361.0,1,True,False,False,False,True,False
32.0,43527.0,16.7,529.0,0.491,10.2,24572.0,1,False,True,False,False,True,False
42.0,64203.0,11.7,622.0,0.585,21.8,23357.0,1,False,True,False,False,True,False
44.0,56065.0,14.1,683.0,0.602,23.3,25237.0,1,False,True,False,False,True,False
29.0,24794.0,16.0,497.0,0.868,5.0,19450.0,0,True,False,False,True,False,False
28.0,37265.0,13.4,489.0,0.785,6.7,14454.0,0,True,False,False,True,False,False
32.0,47612.0,17.2,603.0,0.672,17.3,20799.0,1,False,True,False,False,True,False
18.0,20000.0,20.0,480.0,0.95,0.0,9427.0,0,True,False,False,True,False,False
18.0,20528.0,11.6,362.0,0.95,0.0,11700.0,0,True,False,False,True,False,False
51.0,61800.0,9.9,630.0,0.564,26.9,19978.0,1,False,True,False,False,False,True
55.0,59408.0,14.9,745.0,0.633,31.9,24162.0,1,False,True,False,False,False,True
32.0,43600.0,16.2,522.0,0.741,18.2,23446.0,1,False,True,False,False,True,False
42.0,49335.0,13.3,683.0,0.537,19.0,31079.0,1,False,True,False,False,True,False
39.0,49838.0,18.4,580.0,0.715,16.6,19799.0,1,False,True,False,False,True,False
70.0,76900.0,10.0,850.0,0.122,40.0,41470.0,1,False,False,True,False,False,True
48.0,54622.0,16.1,807.0,0.712,31.9,31153.0,1,False,True,False,False,True,False
33.0,45937.0,12.2,527.0,0.461,21.3,24792.0,1,False,True,False,False,True,False
24.0,25258.0,19.2,396.0,0.89,3.8,4154.0,0,True,False,False,True,False,False
18.0,35416.0,20.0,496.0,0.619,0.0,8111.0,0,True,False,False,True,False,False
37.0,41733.0,11.7,555.0,0.766,15.6,21231.0,1,False,True,False,False,True,False
26.0,32906.0,12.4,408.0,0.766,0.0,19768.0,0,True,False,False,True,False,False
18.0,29061.0,16.6,425.0,0.57,0.0,24398.0,0,True,False,False,True,False,False
27.0,21342.0,12.8,530.0,0.95,5.9,14615.0,0,True,False,False,True,False,False
22.0,20000.0,13.9,457.0,0.813,2.2,5976.0,0,True,False,False,True,False,False
55.0,54090.0,14.1,715.0,0.691,29.7,35043.0,1,False,True,False,False,False,True
46.0,64796.0,8.2,538.0,0.452,21.7,35874.0,1,False,True,False,False,True,False
35.0,37470.0,14.0,547.0,0.785,10.8,21739.0,0,True,False,False,False,True,False
53.0,83777.0,11.9,758.0,0.119,35.9,30224.0,1,False,False,True,False,False,True
36.0,38600.0,12.5,577.0,0.626,12.0,26614.0,1,True,False,False,False,True,False
25.0,31074.0,18.3,508.0,0.72,13.1,18757.0,0,True,False,False,True,False,False
53.0,76270.0,10.2,758.0,0.466,33.4,29135.0,1,False,False,True,False,False,True
41.0,65809.0,16.4,807.0,0.694,13.1,29221.0,1,False,True,False,False,True,False
23.0,43556.0,13.2,506.0,0.544,0.0,20618.0,0,False,True,False,True,False,False
33.0,48926.0,13.2,555.0,0.772,7.5,27160.0,1,False,True,False,False,True,False
24.0,37584.0,16.4,508.0,0.399,0.0,15672.0,0,True,False,False,True,False,False
18.0,26828.0,15.0,408.0,0.653,4.4,10096.0,0,True,False,False,True,False,False
46.0,61564.0,15.7,787.0,0.341,27.6,35350.0,1,False,True,False,False,True,False
58.0,65086.0,16.9,816.0,0.246,38.6,29414.0,1,False,True,False,False,False,True
18.0,20000.0,13.0,383.0,0.662,0.0,13301.0,0,True,False,False,True,False,False
42.0,50080.0,12.2,619.0,0.661,12.8,19036.0,1,False,True,False,False,True,False
27.0,31269.0,10.7,416.0,0.755,2.8,22050.0,0,True,False,False,True,False,False
29.0,31360.0,11.5,400.0,0.843,11.4,16423.0,0,True,False,False,True,False,False
28.0,39041.0,20.0,617.0,0.813,0.6,24193.0,1,True,False,False,True,False,False
25.0,37201.0,17.7,534.0,0.768,0.0,18493.0,0,True,False,False,True,False,False
36.0,43406.0,9.9,546.0,0.765,12.4,16016.0,0,False,True,False,False,True,False
25.0,41855.0,10.0,408.0,0.671,2.3,23823.0,0,False,True,False,True,False,False
38.0,36761.0,15.4,672.0,0.554,16.9,30555.0,1,True,False,False,False,True,False
34.0,39727.0,15.6,545.0,0.861,16.0,25583.0,1,True,False,False,False,True,False
32.0,32825.0,15.6,643.0,0.683,13.3,15541.0,1,True,False,False,False,True,False
24.0,20000.0,13.2,344.0,0.76,3.4,12525.0,0,True,False,False,True,False,False
28.0,33033.0,13.6,517.0,0.743,12.1,18070.0,0,True,False,False,True,False,False
44.0,51904.0,15.0,705.0,0.444,14.5,23704.0,1,False,True,False,False,True,False
41.0,61321.0,14.3,625.0,0.424,21.5,35099.0,1,False,True,False,False,True,False
23.0,32970.0,8.0,393.0,0.822,4.4,15653.0,0,True,False,False,True,False,False
36.0,35237.0,13.3,624.0,0.8,8.0,8103.0,0,True,False,False,False,True,False
44.0,67653.0,11.4,548.0,0.289,14.5,30470.0,1,False,True,False,False,True,False
18.0,31368.0,14.5,450.0,0.713,0.0,10396.0,0,True,False,False,True,False,False
42.0,54481.0,20.0,616.0,0.716,16.2,25834.0,1,False,True,False,False,True,False
27.0,30646.0,15.1,456.0,0.868,8.8,14746.0,0,True,False,False,True,False,False
42.0,42541.0,13.1,697.0,0.95,16.8,29213.0,1,False,True,False,False,True,False
26.0,28031.0,16.8,485.0,0.95,0.0,21322.0,0,True,False,False,True,False,False
18.0,30310.0,15.4,378.0,0.95,0.0,13446.0,0,True,False,False,True,False,False
18.0,36677.0,15.3,436.0,0.525,1.6,10971.0,0,True,False,False,True,False,False
36.0,55038.0,15.8,735.0,0.664,13.6,23086.0,1,False,True,False,False,True,False
38.0,41829.0,20.0,597.0,0.674,15.2,23339.0,0,False,True,False,False,True,False
24.0,20021.0,10.6,340.0,0.817,1.6,10064.0,0,True,False,False,True,False,False
43.0,52323.0,15.4,752.0,0.602,27.1,29458.0,1,False,True,False,False,True,False
18.0,20000.0,11.2,445.0,0.95,0.0,13300.0,0,True,False,False,True,False,False
34.0,43634.0,15.7,591.0,0.739,18.8,29169.0,1,False,True,False,False,True,False
20.0,23381.0,11.2,317.0,0.734,0.0,18849.0,0,True,False,False,True,False,False
27.0,28885.0,12.7,571.0,0.923,4.4,13049.0,0,True,False,False,True,False,False
36.0,29925.0,13.1,621.0,0.705,26.1,24878.0,1,True,False,False,False,True,False
25.0,33719.0,16.9,553.0,0.795,0.0,10955.0,0,True,False,False,True,False,False
30.0,32201.0,16.8,518.0,0.732,6.6,21892.0,0,True,False,False,True,False,False
47.0,47131.0,10.3,622.0,0.596,18.9,25668.0,1,False,True,False,False,True,False
28.0,20000.0,14.2,469.0,0.95,10.8,10922.0,0,True,False,False,True,False,False
45.0,53814.0,11.9,662.0,0.406,31.5,29296.0,1,False,True,False,False,True,False
21.0,39910.0,10.2,477.0,0.95,7.8,1340.0,0,True,False,False,True,False,False
41.0,62919.0,13.3,701.0,0.198,25.5,18216.0,1,False,True,False,False,True,False
52.0,59102.0,13.1,679.0,0.419,29.3,31172.0,1,False,True,False,False,False,True
18.0,20000.0,20.0,553.0,0.95,0.0,11412.0,0,True,False,False,True,False,False
25.0,34275.0,15.3,517.0,0.845,0.0,14300.0,0,True,False,False,True,False,False
42.0,42323.0,9.9,602.0,0.662,30.1,17298.0,1,False,True,False,False,True,False
33.0,41490.0,12.3,601.0,0.676,12.9,16341.0,1,False,True,False,False,True,False
39.0,53473.0,17.1,623.0,0.627,15.0,27030.0,1,False,True,False,False,True,False
28.0,43118.0,20.0,606.0,0.634,12.4,21097.0,1,False,True,False,True,False,False
36.0,42446.0,9.2,485.0,0.885,9.2,22183.0,0,False,True,False,False,True,False
33.0,38129.0,8.4,388.0,0.845,13.2,26163.0,0,True,False,False,False,True,False
49.0,51792.0,19.6,807.0,0.713,26.2,31673.0,1,False,True,False,False,True,False
38.0,39049.0,15.2,736.0,0.565,19.2,19194.0,1,True,False,False,False,True,False
39.0,45050.0,11.4,481.0,0.638,16.7,22628.0,1,False,True,False,False,True,False
30.0,39008.0,15.6,551.0,0.665,0.8,11915.0,1,True,False,False,True,False,False
29.0,42287.0,8.0,470.0,0.526,7.5,18262.0,1,False,True,False,True,False,False
30.0,29346.0,14.0,513.0,0.861,13.1,23400.0,0,True,False,False,True,False,False
40.0,59622.0,15.0,656.0,0.423,17.6,29255.0,1,False,True,False,False,True,False
30.0,33769.0,16.8,494.0,0.861,11.8,25361.0,0,True,False,False,True,False,False
38.0,46002.0,11.0,576.0,0.479,11.2,22324.0,1,False,True,False,False,True,False
60.0,65908.0,14.3,787.0,0.699,37.8,43274.0,1,False,True,False,False,False,True
45.0,35150.0,11.2,493.0,0.614,20.3,25275.0,1,True,False,False,False,True,False
31.0,44378.0,14.8,619.0,0.689,12.8,27340.0,1,False,True,False,False,True,False
49.0,65192.0,11.3,743.0,0.567,27.6,31117.0,1,False,True,False,False,True,False
30.0,33873.0,12.8,503.0,0.676,11.6,21975.0,0,True,False,False,True,False,False
18.0,22136.0,11.0,365.0,0.95,1.4,18589.0,0,True,False,False,True,False,False
23.0,31611.0,16.0,539.0,0.6,4.4,13645.0,0,True,False,False,True,False,False
18.0,20000.0,16.6,444.0,0.95,0.0,12092.0,0,True,False,False,True,False,False
31.0,32706.0,13.3,556.0,0.775,3.8,25106.0,0,True,False,False,False,True,False
35.0,48619.0,14.1,576.0,0.524,13.2,21807.0,1,False,True,False,False,True,False
55.0,56106.0,9.7,764.0,0.494,30.5,26565.0,1,False,True,False,False,False,True
39.0,49056.0,13.1,622.0,0.731,15.2,35082.0,1,False,True,False,False,True,False
32.0,27992.0,13.8,532.0,0.732,8.5,16636.0,1,True,False,False,False,True,False
45.0,57675.0,20.0,711.0,0.411,18.1,29038.0,1,False,True,False,False,True,False
18.0,21315.0,10.7,361.0,0.854,0.0,16912.0,0,True,False,False,True,False,False
38.0,32472.0,18.4,602.0,0.599,12.5,19118.0,0,True,False,False,False,True,False
44.0,62418.0,17.0,702.0,0.749,23.2,23328.0,1,False,True,False,False,True,False
18.0,20000.0,14.8,366.0,0.815,0.0,12269.0,0,True,False,False,True,False,False
49.0,51988.0,19.3,730.0,0.705,26.8,20596.0,1,False,True,False,False,True,False
39.0,48479.0,15.1,742.0,0.647,26.6,22939.0,1,False,True,False,False,True,False
30.0,45209.0,15.2,625.0,0.5,13.1,20754.0,1,False,True,False,True,False,False
43.0,42985.0,13.8,730.0,0.669,28.8,24245.0,1,False,True,False,False,True,False
62.0,75191.0,17.7,850.0,0.466,40.0,30926.0,1,False,False,True,False,False,True
37.0,48049.0,17.3,656.0,0.591,21.0,31367.0,1,False,True,False,False,True,False
38.0,51119.0,12.1,523.0,0.768,12.4,24619.0,0,False,True,False,False,True,False
29.0,36797.0,10.0,425.0,0.885,4.3,25579.0,0,True,False,False,True,False,False
25.0,26826.0,13.4,407.0,0.95,0.0,13783.0,0,True,False,False,True,False,False
45.0,47336.0,11.6,690.0,0.558,28.9,22816.0,1,False,True,False,False,True,False
25.0,30362.0,13.8,446.0,0.634,10.4,16746.0,0,True,False,False,True,False,False
36.0,34453.0,17.7,675.0,0.663,11.1,20296.0,1,True,False,False,False,True,False
29.0,20000.0,12.6,494.0,0.929,6.0,10745.0,0,True,False,False,True,False,False
41.0,52390.0,13.9,754.0,0.658,15.0,32962.0,1,False,True,False,False,True,False
39.0,54036.0,14.2,559.0,0.234,18.9,21794.0,1,False,True,False,False,True,False
47.0,38037.0,16.5,767.0,0.718,31.1,18328.0,1,True,False,False,False,True,False
29.0,26578.0,8.0,462.0,0.858,0.0,23739.0,0,True,False,False,True,False,False
32.0,43067.0,12.2,474.0,0.628,11.8,17666.0,0,False,True,False,False,True,False
23.0,44366.0,14.6,545.0,0.85,0.0,13025.0,0,False,True,False,True,False,False
30.0,35769.0,17.6,590.0,0.806,8.2,9584.0,1,True,False,False,True,False,False
40.0,41609.0,12.5,576.0,0.88,19.8,32629.0,1,False,True,False,False,True,False
44.0,51437.0,8.4,540.0,0.553,21.1,20738.0,1,False,True,False,False,True,False
24.0,39720.0,15.9,473.0,0.843,1.4,16231.0,0,True,False,False,True,False,False
45.0,49355.0,12.1,746.0,0.852,22.4,32216.0,1,False,True,False,False,True,False
51.0,55128.0,10.4,677.0,0.745,34.1,33255.0,1,False,True,False,False,False,True
40.0,44092.0,12.1,629.0,0.495,20.1,24091.0,1,False,True,False,False,True,False
58.0,61399.0,13.4,745.0,0.448,36.6,26392.0,1,False,True,False,False,False,True
26.0,31839.0,12.2,413.0,0.73,0.0,11993.0,0,True,False,False,True,False,False
20.0,37074.0,8.0,409.0,0.803,0.0,14679.0,0,True,False,False,True,False,False
18.0,24185.0,16.7,375.0,0.95,0.5,7483.0,0,True,False,False,True,False,False
53.0,61524.0,17.8,793.0,0.359,31.1,33645.0,1,False,True,False,False,False,True
43.0,49088.0,16.0,682.0,0.619,24.2,29744.0,1,False,True,False,False,True,False
34.0,28694.0,10.6,496.0,0.51,21.2,24848.0,0,True,False,False,False,True,False
38.0,53096.0,13.4,605.0,0.785,21.6,18359.0,1,False,True,False,False,True,False
21.0,25170.0,14.0,452.0,0.771,0.0,24247.0,0,True,False,False,True,False,False
64.0,75775.0,15.8,850.0,0.351,39.8,43589.0,1,False,False,True,False,False,True
37.0,69406.0,16.0,708.0,0.359,1.8,25207.0,1,False,True,False,False,True,False
36.0,45965.0,11.8,510.0,0.812,13.5,28201.0,0,False,True,False,False,True,False
44.0,46437.0,14.2,642.0,0.21,20.1,38325.0,1,False,True,False,False,True,False
41.0,45516.0,15.4,708.0,0.642,20.7,17744.0,1,False,True,False,False,True,False
38.0,54411.0,18.4,731.0,0.54,14.9,23158.0,1,False,True,False,False,True,False
26.0,31523.0,16.1,440.0,0.717,1.9,4017.0,0,True,False,False,True,False,False
41.0,37283.0,16.4,663.0,0.95,9.8,25020.0,1,True,False,False,False,True,False
58.0,76455.0,14.3,728.0,0.202,30.9,38265.0,1,False,False,True,False,False,True
51.0,56029.0,18.2,797.0,0.655,31.5,30980.0,1,False,True,False,False,False,True
54.0,79928.0,15.2,850.0,0.354,40.0,31779.0,1,False,False,True,False,False,True
29.0,43279.0,11.4,441.0,0.856,6.4,8513.0,0,False,True,False,True,False,False
23.0,24171.0,18.2,465.0,0.758,2.8,15847.0,0,True,False,False,True,False,False
33.0,50437.0,16.1,648.0,0.486,16.3,29066.0,1,False,True,False,False,True,False
36.0,43345.0,12.7,485.0,0.831,9.6,19214.0,0,False,True,False,False,True,False
48.0,64579.0,12.6,671.0,0.518,28.0,32723.0,1,False,True,False,False,True,False
18.0,25478.0,14.9,448.0,0.613,0.0,3707.0,0,True,False,False,True,False,False
53.0,57255.0,15.4,740.0,0.447,35.7,34689.0,1,False,True,False,False,False,True
33.0,34576.0,14.6,541.0,0.812,11.9,18043.0,1,True,False,False,False,True,False
30.0,44093.0,14.9,588.0,0.785,9.4,15536.0,1,False,True,False,True,False,False
23.0,24747.0,19.1,540.0,0.751,0.0,10100.0,1,True,False,False,True,False,False
18.0,20000.0,17.2,456.0,0.463,0.0,9032.0,0,True,False,False,True,False,False
45.0,46213.0,14.6,653.0,0.716,33.3,28972.0,1,False,True,False,False,True,False
36.0,46445.0,16.8,651.0,0.453,8.8,16024.0,1,False,True,False,False,True,False
20.0,39925.0,10.9,393.0,0.398,0.0,11767.0,1,True,False,False,True,False,False
19.0,20000.0,15.2,446.0,0.475,0.0,11522.0,0,True,False,False,True,False,False
31.0,37358.0,19.4,589.0,0.849,12.9,13726.0,0,True,False,False,False,True,False
55.0,77332.0,13.3,786.0,0.346,30.2,44231.0,1,False,False,True,False,False,True
32.0,37625.0,11.5,453.0,0.69,0.0,15437.0,0,True,False,False,False,True,False
18.0,25219.0,12.0,373.0,0.95,2.8,8175.0,0,True,False,False,True,False,False
32.0,29962.0,10.7,437.0,0.896,13.9,14130.0,0,True,False,False,False,True,False
32.0,41499.0,11.6,456.0,0.927,1.0,29006.0,0,False,True,False,False,True,False
18.0,20103.0,12.9,390.0,0.69,0.0,13775.0,0,True,False,False,True,False,False
34.0,49104.0,9.8,530.0,0.604,20.2,17402.0,1,False,True,False,False,True,False
32.0,48174.0,14.0,604.0,0.376,17.5,26463.0,1,False,True,False,False,True,False
43.0,72742.0,16.7,721.0,0.338,26.0,29955.0,1,False,False,True,False,True,False
57.0,73262.0,11.3,794.0,0.33,34.3,37206.0,1,False,False,True,False,False,True
49.0,60829.0,18.6,816.0,0.586,26.9,28620.0,1,False,True,False,False,True,False
32.0,39683.0,15.5,589.0,0.71,9.1,16108.0,1,True,False,False,False,True,False
22.0,23241.0,17.1,435.0,0.95,5.4,14874.0,0,True,False,False,True,False,False
66.0,81764.0,12.0,850.0,0.388,39.5,38391.0,1,False,False,True,False,False,True
36.0,40490.0,16.6,633.0,0.95,9.7,30988.0,1,False,True,False,False,True,False
35.0,43548.0,10.7,530.0,0.617,18.2,15592.0,1,False,True,False,False,True,False
35.0,52193.0,16.7,528.0,0.437,12.5,30255.0,0,False,True,False,False,True,False
37.0,36800.0,14.5,598.0,0.769,22.3,21812.0,1,True,False,False,False,True,False
33.0,49040.0,15.7,710.0,0.489,7.9,23033.0,1,False,True,False,False,True,False
28.0,44276.0,10.5,453.0,0.88,5.8,22651.0,0,False,True,False,True,False,False
28.0,33181.0,11.3,427.0,0.726,1.8,14386.0,0,True,False,False,True,False,False
35.0,24554.0,15.8,582.0,0.77,12.6,24080.0,0,True,False,False,False,True,False
28.0,29312.0,11.2,469.0,0.736,0.0,3633.0,0,True,False,False,True,False,False
26.0,42111.0,15.4,586.0,0.787,2.0,13834.0,1,False,True,False,True,False,False
36.0,43350.0,9.9,463.0,0.643,7.1,17853.0,0,False,True,False,False,True,False
32.0,30334.0,16.5,601.0,0.7,13.4,12736.0,1,True,False,False,False,True,False
53.0,59619.0,10.3,728.0,0.754,34.6,31411.0,1,False,True,False,False,False,True
18.0,28325.0,15.7,428.0,0.688,0.0,13761.0,0,True,False,False,True,False,False
48.0,62092.0,15.9,764.0,0.484,32.8,33771.0,1,False,True,False,False,True,False
50.0,58032.0,11.9,746.0,0.618,40.0,31984.0,1,False,True,False,False,True,False
18.0,20000.0,15.7,464.0,0.655,0.0,7672.0,0,True,False,False,True,False,False
31.0,33931.0,14.8,480.0,0.833,5.7,20682.0,0,True,False,False,False,True,False
31.0,29272.0,12.4,530.0,0.649,22.7,18820.0,1,True,False,False,False,True,False
18.0,34655.0,11.0,376.0,0.877,0.0,17201.0,0,True,False,False,True,False,False
26.0,28221.0,8.1,387.0,0.673,3.8,19540.0,0,True,False,False,True,False,False
22.0,35745.0,15.0,474.0,0.846,0.6,14563.0,0,True,False,False,True,False,False
56.0,79403.0,9.3,739.0,0.472,40.0,31468.0,1,False,False,True,False,False,True
46.0,63460.0,14.3,771.0,0.595,26.0,26195.0,1,False,True,False,False,True,False
50.0,56857.0,13.2,710.0,0.569,25.8,28066.0,1,False,True,False,False,True,False
44.0,55622.0,16.0,645.0,0.509,16.9,25816.0,1,False,True,False,False,True,False
21.0,25548.0,13.1,399.0,0.758,0.0,14621.0,0,True,False,False,True,False,False
29.0,27217.0,13.0,488.0,0.95,1.7,20650.0,0,True,False,False,True,False,False
41.0,51642.0,16.2,735.0,0.479,19.1,25345.0,1,False,True,False,False,True,False
20.0,20000.0,15.0,458.0,0.744,0.0,12248.0,0,True,False,False,True,False,False
44.0,61769.0,14.9,654.0,0.582,14.1,28671.0,1,False,True,False,False,True,False
32.0,34822.0,15.4,682.0,0.632,16.4,16961.0,1,True,False,False,False,True,False
31.0,38212.0,9.4,475.0,0.575,6.0,14445.0,0,True,False,False,False,True,False
44.0,54504.0,16.3,765.0,0.338,15.2,18439.0,1,False,True,False,False,True,False
40.0,46326.0,15.8,645.0,0.564,17.5,21322.0,1,False,True,False,False,True,False
31.0,41496.0,10.9,519.0,0.673,9.0,21849.0,1,False,True,False,False,True,False
49.0,54895.0,13.3,742.0,0.588,18.2,26431.0,1,False,True,False,False,True,False
22.0,33403.0,13.9,512.0,0.909,1.7,13165.0,0,True,False,False,True,False,False
42.0,40102.0,13.6,676.0,0.778,15.2,27538.0,1,False,True,False,False,True,False
42.0,51552.0,15.0,709.0,0.556,28.7,28817.0,1,False,True,False,False,True,False
31.0,53054.0,18.3,615.0,0.54,11.9,15550.0,1,False,True,False,False,True,False
39.0,38694.0,17.2,619.0,0.79,14.9,28311.0,1,True,False,False,False,True,False
20.0,20000.0,10.1,367.0,0.95,0.0,17630.0,0,True,False,False,True,False,False
46.0,59417.0,15.9,772.0,0.525,23.6,23337.0,1,False,True,False,False,True,False
33.0,40774.0,18.0,602.0,0.622,13.8,16349.0,1,False,True,False,False,True,False
29.0,37278.0,15.2,585.0,0.578,6.6,24047.0,1,True,False,False,True,False,False
48.0,61019.0,17.3,834.0,0.273,24.5,29162.0,1,False,True,False,False,True,False
27.0,36935.0,20.0,540.0,0.831,4.8,5869.0,0,True,False,False,True,False,False
18.0,30596.0,17.1,420.0,0.881,0.0,5110.0,0,True,False,False,True,False,False
18.0,24879.0,14.7,408.0,0.938,0.0,10241.0,0,True,False,False,True,False,False
42.0,48796.0,17.1,708.0,0.593,9.8,20200.0,1,False,True,False,False,True,False
20.0,28942.0,14.4,405.0,0.95,2.5,10645.0,0,True,False,False,True,False,False
56.0,82468.0,14.1,850.0,0.203,35.6,36438.0,1,False,False,True,False,False,True
18.0,20539.0,12.9,400.0,0.95,0.0,18365.0,0,True,False,False,True,False,False
55.0,58633.0,18.7,842.0,0.508,40.0,32090.0,1,False,True,False,False,False,True
38.0,53895.0,11.5,509.0,0.47,16.0,29518.0,1,False,True,False,False,True,False
34.0,39644.0,18.6,563.0,0.792,6.7,28028.0,0,True,False,False,False,True,False
28.0,20000.0,15.5,514.0,0.95,10.7,23402.0,0,True,False,False,True,False,False
40.0,54527.0,9.8,468.0,0.608,19.8,26771.0,1,False,True,False,False,True,False
35.0,37175.0,15.1,628.0,0.74,14.5,11175.0,1,True,False,False,False,True,False
48.0,57163.0,8.0,612.0,0.523,24.1,32140.0,1,False,True,False,False,True,False
36.0,46301.0,15.9,784.0,0.95,16.6,28057.0,1,False,True,False,False,True,False
37.0,45688.0,16.7,751.0,0.821,13.5,22565.0,1,False,True,False,False,True,False
31.0,42440.0,12.2,504.0,0.784,11.4,28285.0,0,False,True,False,False,True,False
34.0,37696.0,14.4,560.0,0.74,2.8,25227.0,0,True,False,False,False,True,False
39.0,50537.0,19.9,758.0,0.746,14.5,27242.0,1,False,True,False,False,True,False
18.0,20000.0,12.5,456.0,0.95,4.6,16432.0,0,True,False,False,True,False,False
19.0,28497.0,10.8,300.0,0.819,0.0,13927.0,0,True,False,False,True,False,False
44.0,57626.0,18.4,654.0,0.478,18.9,15258.0,1,False,True,False,False,True,False
37.0,36977.0,19.9,638.0,0.718,12.8,19727.0,1,True,False,False,False,True,False
33.0,48038.0,14.0,598.0,0.144,4.7,27186.0,1,False,True,False,False,True,False
35.0,37978.0,17.0,638.0,0.752,2.2,17370.0,0,True,False,False,False,True,False
39.0,53470.0,18.0,744.0,0.492,16.0,23815.0,1,False,True,False,False,True,False
29.0,37166.0,11.8,419.0,0.95,7.2,12754.0,0,True,False,False,True,False,False
26.0,45498.0,12.5,369.0,0.648,3.4,26300.0,0,False,True,False,True,False,False
37.0,43032.0,17.7,693.0,0.491,14.6,31386.0,1,False,True,False,False,True,False
23.0,25117.0,19.1,481.0,0.841,1.5,9722.0,0,True,False,False,True,False,False
40.0,47723.0,15.7,549.0,0.466,23.0,25458.0,1,False,True,False,False,True,False
18.0,20000.0,11.4,362.0,0.95,0.0,7598.0,0,True,False,False,True,False,False
47.0,63219.0,20.0,844.0,0.511,22.5,33072.0,1,False,True,False,False,True,False
41.0,35875.0,12.4,577.0,0.885,17.3,26471.0,0,True,False,False,False,True,False
38.0,37257.0,13.0,551.0,0.609,19.0,26820.0,1,True,False,False,False,True,False
47.0,47608.0,15.0,687.0,0.629,31.9,29817.0,1,False,True,False,False,True,False
55.0,73585.0,18.7,848.0,0.159,29.8,49528.0,1,False,False,True,False,False,True
47.0,70292.0,16.6,699.0,0.502,25.7,25476.0,1,False,False,True,False,True,False
18.0,20764.0,15.2,378.0,0.95,0.0,2523.0,0,True,False,False,True,False,False
20.0,22224.0,15.4,459.0,0.95,0.0,10079.0,0,True,False,False,True,False,False
28.0,33563.0,14.1,515.0,0.765,5.6,9267.0,0,True,False,False,True,False,False
35.0,51671.0,15.7,629.0,0.646,6.0,15361.0,1,False,True,False,False,True,False
41.0,42035.0,8.0,484.0,0.92,10.4,19803.0,0,False,True,False,False,True,False
26.0,33456.0,13.1,465.0,0.723,6.1,11880.0,0,True,False,False,True,False,False
37.0,52491.0,14.7,515.0,0.596,13.3,19097.0,1,False,True,False,False,True,False
26.0,35131.0,10.5,445.0,0.586,4.9,19072.0,0,True,False,False,True,False,False
28.0,34711.0,15.2,590.0,0.623,5.6,14771.0,1,True,False,False,True,False,False
18.0,29752.0,13.4,332.0,0.817,0.0,11138.0,0,True,False,False,True,False,False
24.0,20000.0,19.3,491.0,0.95,1.7,18432.0,0,True,False,False,True,False,False
19.0,27959.0,18.7,503.0,0.782,0.0,8354.0,0,True,False,False,True,False,False
23.0,22715.0,12.6,483.0,0.837,8.2,12594.0,0,True,False,False,True,False,False
48.0,42527.0,13.5,647.0,0.614,18.9,29903.0,1,False,True,False,False,True,False
24.0,32418.0,13.8,426.0,0.696,0.6,5338.0,0,True,False,False,True,False,False
67.0,90896.0,12.6,806.0,0.235,39.4,30459.0,1,False,False,True,False,False,True
41.0,48004.0,14.6,647.0,0.395,21.8,26991.0,1,False,True,False,False,True,False
37.0,52285.0,11.7,680.0,0.769,13.6,26298.0,1,False,True,False,False,True,False
25.0,42538.0,10.6,456.0,0.575,0.1,26925.0,0,False,True,False,True,False,False
43.0,62604.0,15.9,709.0,0.582,25.7,28753.0,1,False,True,False,False,True,False
28.0,46831.0,15.9,573.0,0.441,6.2,22828.0,1,False,True,False,True,False,False
36.0,49694.0,11.6,564.0,0.703,17.0,22224.0,1,False,True,False,False,True,False
66.0,79469.0,16.7,850.0,0.406,38.8,42294.0,1,False,False,True,False,False,True
34.0,27801.0,12.1,549.0,0.88,4.8,28040.0,0,True,False,False,False,True,False
49.0,56581.0,14.8,736.0,0.385,27.3,19434.0,1,False,True,False,False,True,False
27.0,25128.0,16.5,511.0,0.886,3.0,17862.0,0,True,False,False,True,False,False
35.0,58864.0,13.9,554.0,0.334,15.7,33854.0,1,False,True,False,False,True,False
56.0,66092.0,15.4,850.0,0.401,33.9,36144.0,1,False,True,False,False,False,True
27.0,33957.0,12.5,508.0,0.915,6.5,25387.0,0,True,False,False,True,False,False
57.0,72511.0,13.4,773.0,0.494,26.6,32480.0,1,False,False,True,False,False,True
43.0,52540.0,13.4,704.0,0.577,30.9,26840.0,1,False,True,False,False,True,False
28.0,47461.0,11.8,472.0,0.479,5.4,19039.0,0,False,True,False,True,False,False
43.0,46125.0,13.5,596.0,0.736,24.1,14819.0,1,False,True,False,False,True,False
47.0,57562.0,9.4,591.0,0.527,20.5,23251.0,1,False,True,False,False,True,False
42.0,45014.0,12.5,529.0,0.302,22.0,20248.0,1,False,True,False,False,True,False
18.0,20000.0,13.1,405.0,0.95,0.0,15110.0,0,True,False,False,True,False,False
26.0,26635.0,13.2,370.0,0.83,6.5,20161.0,0,True,False,False,True,False,False
32.0,38139.0,13.3,470.0,0.899,8.2,21449.0,0,True,False,False,False,True,False
34.0,37494.0,13.8,451.0,0.561,12.3,24923.0,0,True,False,False,False,True,False
42.0,45398.0,15.4,658.0,0.17,23.9,24943.0,1,False,True,False,False,True,False
37.0,33308.0,16.6,606.0,0.809,9.0,27907.0,1,True,False,False,False,True,False
19.0,22106.0,12.1,360.0,0.923,0.0,11742.0,0,True,False,False,True,False,False
40.0,35437.0,10.4,491.0,0.492,19.8,23614.0,1,True,False,False,False,True,False
42.0,56873.0,10.9,557.0,0.384,30.8,25523.0,1,False,True,False,False,True,False
42.0,50721.0,12.5,646.0,0.95,19.0,29353.0,1,False,True,False,False,True,False
48.0,45903.0,12.9,642.0,0.595,28.9,26469.0,1,False,True,False,False,True,False
45.0,51535.0,11.7,654.0,0.694,22.5,32539.0,1,False,True,False,False,True,False
41.0,42595.0,10.1,517.0,0.576,28.2,18854.0,1,False,True,False,False,True,False
34.0,43543.0,12.6,559.0,0.351,3.4,15939.0,1,False,True,False,False,True,False
18.0,32324.0,14.5,492.0,0.751,0.0,15669.0,0,True,False,False,True,False,False
40.0,33185.0,15.8,654.0,0.728,10.0,22954.0,1,True,False,False,False,True,False
37.0,45911.0,12.3,556.0,0.581,3.0,21068.0,0,False,True,False,False,True,False
38.0,44630.0,12.8,600.0,0.637,17.7,28043.0,1,False,True,False,False,True,False
20.0,28986.0,11.2,372.0,0.85,0.0,9702.0,0,True,False,False,True,False,False
22.0,28138.0,13.9,441.0,0.796,0.0,12826.0,0,True,False,False,True,False,False
48.0,51150.0,11.5,639.0,0.399,25.1,35930.0,1,False,True,False,False,True,False
35.0,38878.0,15.7,582.0,0.784,28.0,28846.0,0,True,False,False,False,True,False
43.0,45445.0,8.6,577.0,0.353,19.9,33996.0,1,False,True,False,False,True,False
35.0,51016.0,12.9,529.0,0.282,15.9,21361.0,1,False,True,False,False,True,False
35.0,42599.0,14.9,541.0,0.785,10.1,28092.0,0,False,True,False,False,True,False
46.0,70721.0,14.6,660.0,0.469,25.7,25457.0,1,False,False,True,False,True,False
29.0,34084.0,20.0,519.0,0.751,5.6,13278.0,0,True,False,False,True,False,False
36.0,37717.0,15.0,530.0,0.514,12.1,10096.0,1,True,False,False,False,True,False
29.0,23234.0,11.0,455.0,0.761,16.5,25414.0,0,True,False,False,True,False,False
30.0,21318.0,13.7,442.0,0.847,13.7,12705.0,0,True,False,False,True,False,False
31.0,24875.0,8.7,456.0,0.612,10.0,17500.0,0,True,False,False,False,True,False
38.0,47336.0,13.8,604.0,0.516,4.1,19015.0,1,False,True,False,False,True,False
29.0,39176.0,11.5,386.0,0.806,5.4,22021.0,0,True,False,False,True,False,False
50.0,47433.0,16.7,779.0,0.84,40.0,27900.0,1,False,True,False,False,True,False
24.0,36278.0,12.4,492.0,0.674,1.1,9236.0,0,True,False,False,True,False,False
33.0,35445.0,13.6,488.0,0.859,16.3,22132.0,0,True,False,False,False,True,False
30.0,36842.0,12.1,514.0,0.444,14.9,11377.0,1,True,False,False,True,False,False
52.0,75734.0,19.2,816.0,0.442,31.5,29568.0,1,False,False,True,False,False,True
37.0,52005.0,13.0,603.0,0.459,11.1,13345.0,1,False,True,False,False,True,False
47.0,54710.0,19.5,718.0,0.599,13.2,22042.0,1,False,True,False,False,True,False
18.0,20000.0,16.4,341.0,0.863,0.0,11893.0,0,True,False,False,True,False,False
38.0,28631.0,15.4,575.0,0.95,12.1,12143.0,0,True,False,False,False,True,False
46.0,49057.0,15.1,684.0,0.478,24.6,20338.0,1,False,True,False,False,True,False
36.0,41496.0,15.2,579.0,0.779,7.7,22131.0,1,False,True,False,False,True,False
48.0,49445.0,8.2,545.0,0.564,24.5,26119.0,1,False,True,False,False,True,False
29.0,33501.0,13.2,475.0,0.741,7.0,27707.0,0,True,False,False,True,False,False
52.0,62909.0,16.5,803.0,0.443,31.3,41417.0,1,False,True,False,False,False,True
63.0,73305.0,13.9,850.0,0.24,35.0,34284.0,1,False,False,True,False,False,True
31.0,31575.0,9.8,464.0,0.782,14.6,21266.0,0,True,False,False,False,True,False
30.0,36934.0,13.8,485.0,0.721,4.7,22267.0,0,True,False,False,True,False,False
52.0,66464.0,19.1,850.0,0.472,22.1,29879.0,1,False,True,False,False,False,True
54.0,56023.0,17.7,751.0,0.552,31.4,25102.0,1,False,True,False,False,False,True
29.0,45758.0,13.8,553.0,0.762,6.9,18877.0,0,False,True,False,True,False,False
30.0,35161.0,16.9,622.0,0.887,8.8,17631.0,1,True,False,False,True,False,False
32.0,38093.0,12.9,547.0,0.561,16.4,17440.0,0,True,False,False,False,True,False
19.0,28306.0,8.9,331.0,0.947,0.0,14475.0,0,True,False,False,True,False,False
24.0,30637.0,11.2,395.0,0.616,1.4,11298.0,0,True,False,False,True,False,False
23.0,35165.0,18.7,586.0,0.837,0.0,9232.0,1,True,False,False,True,False,False
26.0,33241.0,13.2,399.0,0.861,7.9,16763.0,0,True,False,False,True,False,False
35.0,36601.0,13.3,500.0,0.447,13.5,22882.0,1,True,False,False,False,True,False
38.0,48265.0,13.1,576.0,0.631,13.7,17849.0,1,False,True,False,False,True,False
54.0,55177.0,19.7,850.0,0.478,22.1,36961.0,1,False,True,False,False,False,True
23.0,28492.0,18.9,543.0,0.701,8.2,5507.0,0,True,False,False,True,False,False
47.0,55908.0,20.0,738.0,0.744,18.7,26106.0,1,False,True,False,False,True,False
32.0,37254.0,13.5,521.0,0.629,7.5,18651.0,0,True,False,False,False,True,False
34.0,40259.0,14.9,548.0,0.576,14.2,18048.0,1,False,True,False,False,True,False
43.0,36663.0,9.5,524.0,0.745,15.1,22390.0,0,True,False,False,False,True,False
22.0,21443.0,18.4,541.0,0.95,0.0,22263.0,0,True,False,False,True,False,False
40.0,48249.0,10.5,502.0,0.596,7.0,20365.0,0,False,True,False,False,True,False
37.0,45676.0,14.7,688.0,0.818,18.6,35272.0,1,False,True,False,False,True,False
41.0,40870.0,10.7,611.0,0.771,16.2,26727.0,1,False,True,False,False,True,False
38.0,56290.0,12.2,658.0,0.21,31.1,25324.0,1,False,True,False,False,True,False
64.0,70427.0,11.5,806.0,0.316,37.5,41656.0,1,False,False,True,False,False,True
27.0,40572.0,12.2,475.0,0.61,0.7,30380.0,0,False,True,False,True,False,False
29.0,37771.0,12.4,419.0,0.794,3.8,13123.0,0,True,False,False,True,False,False
28.0,27857.0,12.4,435.0,0.428,6.7,10945.0,1,True,False,False,True,False,False
28.0,48204.0,16.5,595.0,0.95,4.0,15213.0,0,False,True,False,True,False,False
27.0,23273.0,10.7,490.0,0.947,8.4,16164.0,0,True,False,False,True,False,False
49.0,66475.0,14.7,692.0,0.458,22.4,22653.0,1,False,True,False,False,True,False
52.0,70460.0,17.7,804.0,0.573,23.1,33181.0,1,False,False,True,False,False,True
28.0,28416.0,12.5,461.0,0.95,0.0,25385.0,0,True,False,False,True,False,False
25.0,41154.0,11.8,390.0,0.819,0.0,17378.0,0,False,True,False,True,False,False
41.0,46788.0,13.3,648.0,0.774,16.1,23544.0,1,False,True,False,False,True,False
28.0,36358.0,17.5,527.0,0.756,4.9,14732.0,0,True,False,False,True,False,False
43.0,53197.0,14.6,656.0,0.547,17.4,31110.0,1,False,True,False,False,True,False
37.0,43848.0,12.4,551.0,0.59,21.7,18973.0,1,False,True,False,False,True,False
18.0,28086.0,15.5,392.0,0.695,2.1,21041.0,0,True,False,False,True,False,False
54.0,70632.0,10.7,730.0,0.291,29.9,43515.0,1,False,False,True,False,False,True
57.0,53872.0,16.0,790.0,0.359,25.6,34946.0,1,False,True,False,False,False,True
28.0,43611.0,15.2,518.0,0.653,2.8,18127.0,0,False,True,False,True,False,False
30.0,23117.0,13.1,449.0,0.616,5.3,22639.0,0,True,False,False,True,False,False
38.0,54377.0,11.5,604.0,0.585,13.1,30127.0,1,False,True,False,False,True,False
39.0,55830.0,11.3,677.0,0.536,13.5,21060.0,1,False,True,False,False,True,False
43.0,42755.0,15.6,670.0,0.694,17.6,23094.0,1,False,True,False,False,True,False
59.0,67660.0,17.7,850.0,0.345,35.2,29716.0,1,False,True,False,False,False,True
33.0,30606.0,12.1,436.0,0.95,7.7,21544.0,0,True,False,False,False,True,False
25.0,28785.0,15.4,499.0,0.95,4.5,18922.0,1,True,False,False,True,False,False
18.0,20000.0,8.0,300.0,0.713,0.0,4474.0,0,True,False,False,True,False,False
26.0,37712.0,12.2,395.0,0.758,0.0,14610.0,0,True,False,False,True,False,False
35.0,52005.0,13.9,552.0,0.489,19.0,15766.0,1,False,True,False,False,True,False
57.0,79007.0,11.3,839.0,0.158,29.6,31674.0,1,False,False,True,False,False,True
29.0,30049.0,11.2,506.0,0.598,0.0,20154.0,0,True,False,False,True,False,False
38.0,43549.0,12.0,581.0,0.729,17.6,19530.0,1,False,True,False,False,True,False
35.0,28296.0,14.9,482.0,0.715,8.7,18727.0,0,True,False,False,False,True,False
49.0,52666.0,13.4,691.0,0.719,28.9,21760.0,1,False,True,False,False,True,False
65.0,86107.0,8.0,830.0,0.388,31.3,42207.0,1,False,False,True,False,False,True
29.0,47280.0,8.0,452.0,0.833,13.6,18821.0,0,False,True,False,True,False,False
29.0,25077.0,12.2,374.0,0.721,10.5,13426.0,0,True,False,False,True,False,False
48.0,52296.0,15.4,671.0,0.648,18.0,28050.0,1,False,True,False,False,True,False
43.0,51608.0,8.0,565.0,0.679,13.8,27654.0,1,False,True,False,False,True,False
57.0,70834.0,12.5,813.0,0.321,40.0,31589.0,1,False,False,True,False,False,True
42.0,43932.0,12.4,500.0,0.545,16.3,18015.0,1,False,True,False,False,True,False
31.0,40219.0,18.2,590.0,0.939,4.5,28394.0,0,False,True,False,False,True,False
42.0,46715.0,12.8,630.0,0.667,8.8,22549.0,1,False,True,False,False,True,False
48.0,57850.0,15.1,772.0,0.617,24.6,29453.0,1,False,True,False,False,True,False
45.0,58185.0,14.4,726.0,0.395,21.7,33296.0,1,False,True,False,False,True,False
41.0,49356.0,8.0,577.0,0.424,22.7,43125.0,1,False,True,False,False,True,False
48.0,53869.0,16.3,695.0,0.476,18.8,23065.0,1,False,True,False,False,True,False
49.0,57961.0,14.6,632.0,0.502,19.4,32561.0,1,False,True,False,False,True,False
52.0,61196.0,15.5,748.0,0.328,31.8,28375.0,1,False,True,False,False,False,True
43.0,48381.0,20.0,789.0,0.615,25.8,23536.0,1,False,True,False,False,True,False
33.0,37523.0,8.0,529.0,0.471,3.1,16649.0,1,True,False,False,False,True,False
37.0,56902.0,19.2,731.0,0.363,20.2,18442.0,1,False,True,False,False,True,False
49.0,63861.0,13.1,742.0,0.562,27.7,30919.0,1,False,True,False,False,True,False
25.0,27872.0,14.9,499.0,0.912,8.7,8013.0,0,True,False,False,True,False,False
39.0,52885.0,13.9,601.0,0.512,17.1,29735.0,1,False,True,False,False,True,False
30.0,33665.0,12.7,494.0,0.611,0.0,18782.0,0,True,False,False,True,False,False
35.0,51799.0,12.3,654.0,0.428,12.6,24965.0,1,False,True,False,False,True,False
50.0,63367.0,15.0,707.0,0.41,33.6,29176.0,1,False,True,False,False,True,False
37.0,43893.0,9.4,609.0,0.758,10.8,21200.0,1,False,True,False,False,True,False
36.0,46250.0,16.3,605.0,0.777,11.6,23841.0,1,False,True,False,False,True,False
19.0,20000.0,12.8,447.0,0.826,0.0,5521.0,0,True,False,False,True,False,False
44.0,43732.0,10.6,528.0,0.49,7.5,24561.0,1,False,True,False,False,True,False
43.0,41744.0,12.6,644.0,0.723,29.1,21249.0,1,False,True,False,False,True,False
61.0,74294.0,17.8,850.0,0.234,34.5,33456.0,1,False,False,True,False,False,True
31.0,51428.0,12.4,468.0,0.508,11.8,10247.0,1,False,True,False,False,True,False
38.0,63006.0,15.1,664.0,0.669,15.2,31812.0,1,False,True,False,False,True,False
38.0,50696.0,11.8,633.0,0.717,22.3,20633.0,1,False,True,False,False,True,False
54.0,68722.0,16.3,771.0,0.436,34.0,39654.0,1,False,True,False,False,False,True
34.0,26219.0,16.1,489.0,0.647,10.7,24894.0,0,True,False,False,False,True,False
38.0,41677.0,19.5,679.0,0.715,11.9,16912.0,1,False,True,False,False,True,False
42.0,44451.0,13.5,625.0,0.815,24.3,20150.0,1,False,True,False,False,True,False
37.0,39720.0,16.0,645.0,0.646,5.9,35394.0,1,True,False,False,False,True,False
30.0,34226.0,14.3,567.0,0.95,10.9,26999.0,0,True,False,False,True,False,False
37.0,41018.0,17.9,646.0,0.884,9.8,22609.0,1,False,True,False,False,True,False
48.0,41626.0,11.8,737.0,0.933,32.1,29391.0,1,False,True,False,False,True,False
23.0,33201.0,16.2,503.0,0.814,1.5,11507.0,0,True,False,False,True,False,False
37.0,35333.0,13.4,547.0,0.835,17.8,23993.0,0,True,False,False,False,True,False
27.0,33832.0,13.8,407.0,0.95,5.0,13097.0,0,True,False,False,True,False,False
49.0,75801.0,14.3,747.0,0.409,18.6,22089.0,1,False,False,True,False,True,False
18.0,20000.0,14.8,389.0,0.825,0.0,4392.0,0,True,False,False,True,False,False
28.0,20000.0,13.7,519.0,0.833,9.7,16252.0,0,True,False,False,True,False,False
40.0,45144.0,14.6,649.0,0.684,18.4,18622.0,1,False,True,False,False,True,False
54.0,73351.0,18.7,799.0,0.173,37.7,33892.0,1,False,False,True,False,False,True
34.0,56720.0,17.0,650.0,0.511,14.2,17404.0,1,False,True,False,False,True,False
28.0,24169.0,16.6,558.0,0.95,1.5,12674.0,0,True,False,False,True,False,False
58.0,73062.0,12.6,850.0,0.1,31.6,40359.0,1,False,False,True,False,False,True
18.0,20000.0,11.3,398.0,0.95,0.0,12237.0,0,True,False,False,True,False,False
18.0,20752.0,16.9,477.0,0.95,0.0,11027.0,0,True,False,False,True,False,False
40.0,69491.0,16.6,714.0,0.336,26.6,31484.0,1,False,True,False,False,True,False
29.0,22747.0,18.4,573.0,0.95,9.2,19165.0,1,True,False,False,True,False,False
23.0,29324.0,12.2,486.0,0.807,6.9,21538.0,0,True,False,False,True,False,False
44.0,55942.0,13.3,593.0,0.725,13.6,25045.0,1,False,True,False,False,True,False
38.0,54197.0,9.1,531.0,0.705,22.1,22234.0,1,False,True,False,False,True,False
28.0,34661.0,12.8,449.0,0.543,17.4,11076.0,0,True,False,False,True,False,False
20.0,26028.0,17.0,483.0,0.928,0.0,10276.0,0,True,False,False,True,False,False
45.0,51430.0,12.6,717.0,0.555,27.3,32702.0,1,False,True,False,False,True,False
43.0,53516.0,15.9,658.0,0.577,20.8,33253.0,1,False,True,False,False,True,False
34.0,37826.0,13.4,428.0,0.613,4.1,25489.0,0,True,False,False,False,True,False
57.0,73564.0,15.0,808.0,0.627,37.6,26965.0,1,False,False,True,False,False,True
22.0,23634.0,10.6,429.0,0.95,4.3,18859.0,0,True,False,False,True,False,False
18.0,24617.0,14.3,434.0,0.743,0.0,2269.0,0,True,False,False,True,False,False
27.0,31802.0,8.0,419.0,0.582,10.5,21019.0,0,True,False,False,True,False,False
34.0,50352.0,13.4,564.0,0.539,4.1,20423.0,1,False,True,False,False,True,False
38.0,45093.0,9.1,466.0,0.714,8.4,26982.0,0,False,True,False,False,True,False
32.0,24342.0,17.6,596.0,0.893,10.8,11825.0,0,True,False,False,False,True,False
39.0,57165.0,16.3,631.0,0.716,17.4,31185.0,1,False,True,False,False,True,False
20.0,20000.0,15.4,540.0,0.95,0.0,4666.0,0,True,False,False,True,False,False
52.0,57560.0,18.6,841.0,0.67,34.4,28576.0,1,False,True,False,False,False,True
34.0,36052.0,11.2,482.0,0.789,14.7,15622.0,1,True,False,False,False,True,False
48.0,69085.0,19.2,783.0,0.201,30.7,22341.0,1,False,True,False,False,True,False
39.0,29850.0,16.8,620.0,0.772,16.5,23014.0,1,True,False,False,False,True,False
40.0,73679.0,13.3,659.0,0.522,21.5,36639.0,1,False,False,True,False,True,False
42.0,58653.0,17.4,769.0,0.506,17.6,40118.0,1,False,True,False,False,True,False
40.0,50233.0,10.7,593.0,0.673,28.6,25695.0,1,False,True,False,False,True,False
43.0,50816.0,11.5,580.0,0.544,16.6,32021.0,1,False,True,False,False,True,False
51.0,63424.0,12.2,812.0,0.311,39.5,32978.0,1,False,True,False,False,False,True
37.0,48999.0,12.4,586.0,0.592,15.5,26073.0,1,False,True,False,False,True,False
44.0,57371.0,10.8,664.0,0.573,14.6,25780.0,1,False,True,False,False,True,False
34.0,45153.0,17.7,596.0,0.55,18.8,22452.0,1,False,True,False,False,True,False
52.0,63454.0,13.2,762.0,0.43,30.9,35174.0,1,False,True,False,False,False,True
27.0,30681.0,15.1,518.0,0.652,9.1,13617.0,1,True,False,False,True,False,False
57.0,66723.0,12.3,676.0,0.601,40.0,34591.0,1,False,True,False,False,False,True
35.0,39862.0,8.5,585.0,0.657,14.2,20953.0,1,True,False,False,False,True,False
18.0,30670.0,14.8,492.0,0.95,0.0,16199.0,0,True,False,False,True,False,False
37.0,48593.0,8.3,494.0,0.843,19.4,17798.0,1,False,True,False,False,True,False
27.0,20000.0,13.8,406.0,0.888,4.8,15156.0,0,True,False,False,True,False,False
45.0,59352.0,9.9,645.0,0.355,26.5,38039.0,1,False,True,False,False,True,False
27.0,34160.0,20.0,589.0,0.446,0.0,22821.0,1,True,False,False,True,False,False
30.0,35425.0,16.7,577.0,0.525,9.9,25111.0,1,True,False,False,True,False,False
18.0,20000.0,14.3,408.0,0.694,0.0,11122.0,0,True,False,False,True,False,False
30.0,44480.0,17.8,618.0,0.862,15.8,20839.0,1,False,True,False,True,False,False
18.0,29180.0,11.5,447.0,0.826,0.0,16929.0,0,True,False,False,True,False,False
18.0,20000.0,15.6,447.0,0.95,0.0,18801.0,0,True,False,False,True,False,False
44.0,56206.0,14.6,632.0,0.205,24.6,17925.0,1,False,True,False,False,True,False
44.0,45542.0,14.8,737.0,0.465,17.4,20192.0,1,False,True,False,False,True,False
40.0,37090.0,17.8,744.0,0.862,26.2,30309.0,1,True,False,False,False,True,False
23.0,23062.0,16.2,634.0,0.912,11.4,12620.0,1,True,False,False,True,False,False
34.0,48212.0,14.9,539.0,0.596,14.4,18676.0,1,False,True,False,False,True,False
35.0,49573.0,9.0,526.0,0.689,20.9,16165.0,1,False,True,False,False,True,False
21.0,29424.0,11.1,300.0,0.95,0.0,10717.0,0,True,False,False,True,False,False
53.0,69450.0,13.6,795.0,0.372,27.1,26454.0,1,False,True,False,False,False,True
46.0,58763.0,14.3,669.0,0.523,23.7,39096.0,1,False,True,False,False,True,False
32.0,33686.0,10.6,581.0,0.792,12.5,19431.0,1,True,False,False,False,True,False
35.0,45843.0,20.0,636.0,0.95,11.4,21956.0,1,False,True,False,False,True,False
38.0,51404.0,18.5,597.0,0.271,18.2,26831.0,1,False,True,False,False,True,False
18.0,27634.0,15.8,413.0,0.926,0.0,16575.0,0,True,False,False,True,False,False
32.0,47952.0,14.2,467.0,0.603,5.0,25542.0,1,False,True,False,False,True,False
27.0,37846.0,13.4,528.0,0.807,7.4,22561.0,1,True,False,False,True,False,False
23.0,30388.0,11.1,309.0,0.698,5.3,11375.0,0,True,False,False,True,False,False
32.0,46513.0,14.2,561.0,0.628,10.5,18975.0,1,False,True,False,False,True,False
57.0,67675.0,14.8,706.0,0.53,40.0,38899.0,1,False,True,False,False,False,True
43.0,44173.0,10.3,568.0,0.95,14.6,23125.0,0,False,True,False,False,True,False
28.0,32470.0,15.0,597.0,0.897,8.5,17294.0,1,True,False,False,True,False,False
42.0,44286.0,13.5,645.0,0.53,14.0,27358.0,1,False,True,False,False,True,False
